IdResponsavel,NomeResponsavel,IdUnidade,CodigoLeitora,DataNascimento,Sexo,TipoProrrogacaoEmDescontoPorAntecipacao,StFuncionario,EstadoCivil,NaturalidadeCidade,NaturalidadeUF,Nacionalidade,StFalecido
2,Responsável 1,1,,,,P,False,5,,,,False
3,Responsável 2,1,,1990-06-30 00:00:00,F,P,False,1,,,Brasileiro,False
4,Responsável 3,1,,1984-09-27 00:00:00,F,P,False,1,,,Brasileiro,False
5,Responsável 4,1,,,,P,False,1,,,,False
6,Responsável 5,1,,,,P,False,1,,,,False
7,Responsável 6,1,,,,P,False,0,,,,False
8,Responsável 7,1,,,,P,False,1,,,,False
9,Responsável 8,1,,,,P,False,1,,,,False
10,Responsável 9,1,,,,P,False,5,,,,False
11,Responsável 10,1,,,,P,False,6,,,,False
12,Responsável 11,1,,,,P,False,0,,,,False
13,Responsável 12,1,,,,P,False,4,,,,False
14,Responsável 13,1,,,,P,False,4,,,,False
15,Responsável 14,1,,,,P,False,1,,,,False
16,Responsável 15,1,,,,P,False,0,,,,False
17,Responsável 16,1,,,,P,False,5,,,,False
18,Responsável 17,1,,,,P,False,1,,,,False
19,Responsável 18,1,,,,P,False,1,,,,False
20,Responsável 19,1,,,,P,False,1,,,,False
21,Responsável 20,1,,,,P,False,1,,,,False
22,Responsável 21,1,,,,P,False,0,,,,False
23,Responsável 22,1,,,,P,False,1,,,,False
24,Responsável 23,1,,,,P,False,1,,,,False
25,Responsável 24,1,,,,P,False,4,,,,False
26,Responsável 25,1,,,,P,False,1,,,,False
27,Responsável 26,1,,,,P,False,5,,,,False
28,Responsável 27,1,,,,P,False,1,,,,False
29,Responsável 28,1,,,,P,False,6,,,,False
30,Responsável 29,1,,,,P,False,1,,,,False
31,Responsável 30,1,,,,P,False,6,,,,False
32,Responsável 31,1,,,,P,False,1,,,,False
33,Responsável 32,1,,,,P,False,0,,,,False
34,Responsável 33,1,,,,P,False,6,,,,False
35,Responsável 34,1,,,,P,False,0,,,,False
36,Responsável 35,1,,,,P,False,5,,,,False
37,Responsável 36,1,,,,P,False,5,,,,False
38,Responsável 37,1,,,,P,False,0,,,,False
39,Responsável 38,1,,,,P,False,5,,,,False
40,Responsável 39,1,,,,P,False,5,,,,False
41,Responsável 40,1,,,,P,False,6,,,,False
42,Responsável 41,1,,,,P,False,5,,,,False
43,Responsável 42,1,,,,P,False,4,,,,False
44,Responsável 43,1,,,,P,False,0,,,,False
45,Responsável 44,1,,,,P,False,0,,,,False
46,Responsável 45,1,,,,P,False,5,,,,False
47,Responsável 46,1,,,,P,False,1,,,,False
48,Responsável 47,1,,,,P,False,1,,,,False
49,Responsável 48,1,,,,P,False,5,,,,False
50,Responsável 49,1,,,,P,False,5,,,,False
51,Responsável 50,1,,,,P,False,1,,,,False
52,Responsável 51,1,,,,P,False,1,,,,False
53,Responsável 52,1,,,,P,False,1,,,,False
54,Responsável 53,1,,,,P,False,0,,,,False
55,Responsável 54,1,,,,P,False,0,,,,False
56,Responsável 55,1,,,,P,False,1,,,,False
57,Responsável 56,1,,,,P,False,3,,,,False
58,Responsável 57,1,,,,P,False,0,,,,False
59,Responsável 58,1,,,,P,False,0,,,,False
60,Responsável 59,1,,,,P,False,1,,,,False
61,Responsável 60,1,,,,P,False,6,,,,False
62,Responsável 61,1,,,,P,False,1,,,,False
63,Responsável 62,1,,,,P,False,0,,,,False
64,Responsável 63,1,,,,P,False,1,,,,False
65,Responsável 64,1,,,,P,False,6,,,,False
66,Responsável 65,1,,,,P,False,1,,,,False
67,Responsável 66,1,,,,P,False,5,,,,False
68,Responsável 67,1,,,,P,False,1,,,,False
69,Responsável 68,1,,,,P,False,5,,,,False
70,Responsável 69,1,,,,P,False,5,,,,False
71,Responsável 70,1,,,,P,False,5,,,,False
72,Responsável 71,1,,,,P,False,5,,,,False
73,Responsável 72,1,,,,P,False,0,,,,False
74,Responsável 73,1,,,,P,False,5,,,,False
75,Responsável 74,1,,,,P,False,5,,,,False
76,Responsável 75,1,,,,P,False,5,,,,False
77,Responsável 76,1,,,,P,False,1,,,,False
78,Responsável 77,1,,,,P,False,5,,,,False
79,Responsável 78,1,,,,P,False,1,,,,False
80,Responsável 79,1,,,,P,False,1,,,,False
81,Responsável 80,1,,,,P,False,1,,,,False
82,Responsável 81,1,,,,P,False,0,,,,False
83,Responsável 82,1,,,,P,False,1,,,,False
84,Responsável 83,1,,,,P,False,1,,,,False
85,Responsável 84,1,,,,P,False,6,,,,False
86,Responsável 85,1,,,,P,False,5,,,,False
87,Responsável 86,1,,,,P,False,1,,,,False
88,Responsável 87,1,,,,P,False,4,,,,False
89,Responsável 88,1,,,,P,False,0,,,,False
90,Responsável 89,1,,,M,P,False,5,,,,False
91,Responsável 90,1,,,,P,False,6,,,,False
92,Responsável 91,1,,,,P,False,1,,,,False
93,Responsável 92,1,,,,P,False,1,,,,False
94,Responsável 93,1,,,,P,False,1,,,,False
95,Responsável 94,1,,,,P,False,1,,,,False
96,Responsável 95,1,,,,P,False,1,,,,False
97,Responsável 96,1,,,,P,False,5,,,,False
98,Responsável 97,1,,,,P,False,5,,,,False
99,Responsável 98,1,,,,P,False,3,,,,False
100,Responsável 99,1,,,,P,False,4,,,,False
101,Responsável 100,1,,,,P,False,5,,,,False
102,Responsável 101,1,,,,P,False,3,,,,False
103,Responsável 102,1,,,,P,False,1,,,,False
104,Responsável 103,1,,,,P,False,1,,,,False
105,Responsável 104,1,,,,P,False,4,,,,False
106,Responsável 105,1,,,,P,False,6,,,,False
107,Responsável 106,1,,,,P,False,1,,,,False
108,Responsável 107,1,,,,P,False,1,,,,False
109,Responsável 108,1,,,,P,False,0,,,,False
110,Responsável 109,1,,,,P,False,1,,,,False
111,Responsável 110,1,,,,P,False,1,,,,False
112,Responsável 111,1,,,,P,False,5,,,,False
113,Responsável 112,1,,,,P,False,5,,,,False
114,Responsável 113,1,,,,P,False,5,,,,False
115,Responsável 114,1,,,,P,False,5,,,,False
116,Responsável 115,1,,,,P,False,0,,,,False
117,Responsável 116,1,,,,P,False,5,,,,False
118,Responsável 117,1,,,,P,False,5,,,,False
119,Responsável 118,1,,,,P,False,1,,,,False
120,Responsável 119,1,,,,P,False,1,,,,False
121,Responsável 120,1,,,,P,False,4,,,,False
122,Responsável 121,1,,,,P,False,1,,,,False
123,Responsável 122,1,,,,P,False,5,,,,False
124,Responsável 123,1,,,,P,False,1,,,,False
125,Responsável 124,1,,,,P,False,5,,,,False
126,Responsável 125,1,,,,P,False,0,,,,False
127,Responsável 126,1,,,,P,False,5,,,,False
128,Responsável 127,1,,,,P,False,6,,,,False
129,Responsável 128,1,,,,P,False,6,,,,False
130,Responsável 129,1,,,,P,False,1,,,,False
131,Responsável 130,1,,,,P,False,0,,,,False
132,Responsável 131,1,,,,P,False,6,,,,False
133,Responsável 132,1,,,,P,False,1,,,,False
134,Responsável 133,1,,,,P,False,0,,,,False
135,Responsável 134,1,,,,P,False,1,,,,False
136,Responsável 135,1,,,,P,False,4,,,,False
137,Responsável 136,1,,,,P,False,1,,,,False
138,Responsável 137,1,,,,P,False,6,,,,False
139,Responsável 138,1,,,,P,False,1,,,,False
140,Responsável 139,1,,,,P,False,4,,,,False
141,Responsável 140,1,,,,P,False,1,,,,False
142,Responsável 141,1,,,,P,False,1,,,,False
143,Responsável 142,1,,,,P,False,1,,,,False
144,Responsável 143,1,,,,P,False,6,,,,False
145,Responsável 144,1,,,,P,False,6,,,,False
147,Responsável 145,1,,,,P,False,1,,,,False
148,Responsável 146,1,,,,P,False,1,,,,False
149,Responsável 147,1,,,,P,False,6,,,,False
150,Responsável 148,1,,,,P,False,0,,,,False
152,Responsável 149,1,,,,P,False,1,,,,False
153,Responsável 150,1,,,,P,False,1,,,,False
154,Responsável 151,1,,,,P,False,0,,,,False
155,Responsável 152,1,,,,P,False,1,,,,False
156,Responsável 153,1,,,,P,False,0,,,,False
157,Responsável 154,1,,,,P,False,6,,,,False
158,Responsável 155,1,,,,P,False,0,,,,False
160,Responsável 156,1,,,,P,False,1,,,,False
161,Responsável 157,1,,,,P,False,6,,,,False
162,Responsável 158,1,,,,P,False,5,,,,False
163,Responsável 159,1,,,,P,False,5,,,,False
164,Responsável 160,1,,,,P,False,5,,,,False
165,Responsável 161,1,,,F,P,False,1,,,,False
166,Responsável 162,1,,,,P,False,5,,,,False
167,Responsável 163,1,,,,P,False,5,,,,False
168,Responsável 164,1,,,,P,False,5,,,,False
169,Responsável 165,1,,,,P,False,1,,,,False
170,Responsável 166,1,,,,P,False,5,,,,False
171,Responsável 167,1,,,,P,False,5,,,,False
173,Responsável 168,1,,,,P,False,0,,,,False
174,Responsável 169,1,,,,P,False,5,,,,False
175,Responsável 170,1,,,,P,False,0,,,,False
176,Responsável 171,1,,,,P,False,5,,,,False
177,Responsável 172,1,,,,P,False,5,,,,False
178,Responsável 173,1,,,,P,False,5,,,,False
179,Responsável 174,1,,,,P,False,5,,,,False
180,Responsável 175,1,,,,P,False,5,,,,False
181,Responsável 176,1,,,,P,False,5,,,,False
182,Responsável 177,1,,,,P,False,5,,,,False
183,Responsável 178,1,,,,P,False,5,,,,False
184,Responsável 179,1,,,,P,False,5,,,,False
185,Responsável 180,1,,,,P,False,1,,,,False
186,Responsável 181,1,,,,P,False,4,,,,False
187,Responsável 182,1,,,M,P,False,4,,,,False
188,Responsável 183,1,,,,P,False,1,,,,False
189,Responsável 184,1,,,,P,False,4,,,,False
190,Responsável 185,1,,,,P,False,6,,,,False
191,Responsável 186,1,,,,P,False,5,,,,False
192,Responsável 187,1,,,,P,False,6,,,,False
193,Responsável 188,1,,,,P,False,1,,,,False
194,Responsável 189,1,,,,P,False,3,,,,False
195,Responsável 190,1,,,,P,False,5,,,,False
196,Responsável 191,1,,,,P,False,1,,,,False
198,Responsável 192,1,,,,P,False,5,,,,False
199,Responsável 193,1,,,,P,False,1,,,,False
200,Responsável 194,1,,,,P,False,5,,,,False
201,Responsável 195,1,,,,P,False,1,,,,False
202,Responsável 196,1,,,,P,False,6,,,,False
203,Responsável 197,1,,,,P,False,1,,,,False
204,Responsável 198,1,,,,P,False,5,,,,False
205,Responsável 199,1,,,,P,False,6,,,,False
206,Responsável 200,1,,,,P,False,1,,,,False
207,Responsável 201,1,,,M,P,False,6,,,,False
208,Responsável 202,1,,,,P,False,0,,,,False
209,Responsável 203,1,,,,P,False,5,,,,False
210,Responsável 204,1,,,,P,False,5,,,,False
211,Responsável 205,1,,,,P,False,0,,,,False
212,Responsável 206,1,,,,P,False,4,,,,False
213,Responsável 207,1,,,,P,False,1,,,,False
214,Responsável 208,1,,,,P,False,6,,,,False
215,Responsável 209,1,,,,P,False,1,,,,False
216,Responsável 210,1,,,,P,False,4,,,,False
217,Responsável 211,1,,,,P,False,4,,,,False
218,Responsável 212,1,,,,P,False,1,,,,False
219,Responsável 213,1,,,,P,False,6,,,,False
220,Responsável 214,1,,,,P,False,6,,,,False
221,Responsável 215,1,,,,P,False,0,,,,False
222,Responsável 216,1,,,,P,False,1,,,,False
223,Responsável 217,1,,,F,P,False,1,,,,False
224,Responsável 218,1,,,,P,False,1,,,,False
225,Responsável 219,1,,,,P,False,1,,,,False
226,Responsável 220,1,,,,P,False,0,,,,False
227,Responsável 221,1,,,,P,False,6,,,,False
228,Responsável 222,1,,,,P,False,1,,,,False
229,Responsável 223,1,,,,P,False,1,,,,False
230,Responsável 224,1,,,,P,False,1,,,,False
231,Responsável 225,1,,,,P,False,5,,,,False
232,Responsável 226,1,,,,P,False,1,,,,False
233,Responsável 227,1,,,,P,False,5,,,,False
234,Responsável 228,1,,,,P,False,5,,,,False
235,Responsável 229,1,,,,P,False,1,,,,False
236,Responsável 230,1,,,,P,False,0,,,,False
237,Responsável 231,1,,,,P,False,1,,,,False
238,Responsável 232,1,,,,P,False,5,,,,False
239,Responsável 233,1,,,,P,False,1,,,,False
240,Responsável 234,1,,,,P,False,4,,,,False
241,Responsável 235,1,,,,P,False,4,,,,False
242,Responsável 236,1,,,,P,False,5,,,,False
243,Responsável 237,1,,,,P,False,1,,,,False
244,Responsável 238,1,,,,P,False,1,,,,False
245,Responsável 239,1,,,,P,False,4,,,,False
247,Responsável 240,1,,,,P,False,1,,,,False
248,Responsável 241,1,,,,P,False,5,,,,False
249,Responsável 242,1,,,,P,False,5,,,,False
250,Responsável 243,1,,,,P,False,0,,,,False
252,Responsável 244,1,,,,P,False,1,,,,False
253,Responsável 245,1,,,,P,False,1,,,,False
254,Responsável 246,1,,,,P,False,0,,,,False
255,Responsável 247,1,,,,P,False,0,,,,False
256,Responsável 248,1,,,,P,False,0,,,,False
257,Responsável 249,1,,,,P,False,1,,,,False
258,Responsável 250,1,,,,P,False,1,,,,False
259,Responsável 251,1,,,,P,False,6,,,,False
260,Responsável 252,1,,,,P,False,0,,,,False
261,Responsável 253,1,,,,P,False,0,,,,False
262,Responsável 254,1,,,,P,False,1,,,,False
264,Responsável 255,1,,,,P,False,5,,,,False
265,Responsável 256,1,,,F,P,False,1,,,,False
266,Responsável 257,1,,,,P,False,5,,,,False
267,Responsável 258,1,,,,P,False,5,,,,False
268,Responsável 259,1,,,,P,False,6,,,,False
270,Responsável 260,1,,,,P,False,5,,,,False
271,Responsável 261,1,,,,P,False,5,,,,False
272,Responsável 262,1,,,,P,False,1,,,,False
273,Responsável 263,1,,,,P,False,1,,,,False
274,Responsável 264,1,,,,P,False,1,,,,False
275,Responsável 265,1,,,,P,False,1,,,,False
276,Responsável 266,1,,,,P,False,5,,,,False
277,Responsável 267,1,,,,P,False,5,,,,False
278,Responsável 268,1,,,,P,False,1,,,,False
279,Responsável 269,1,,,,P,False,5,,,,False
280,Responsável 270,1,,,,P,False,5,,,,False
281,Responsável 271,1,,,,P,False,5,,,,False
282,Responsável 272,1,,,,P,False,5,,,,False
283,Responsável 273,1,,,,P,False,6,,,,False
284,Responsável 274,1,,,,P,False,6,,,,False
285,Responsável 275,1,,,,P,False,6,,,,False
286,Responsável 276,1,,,,P,False,1,,,,False
287,Responsável 277,1,,,,P,False,0,,,,False
288,Responsável 278,1,,,,P,False,6,,,,False
289,Responsável 279,1,,,,P,False,0,,,,False
290,Responsável 280,1,,,,P,False,1,,,,False
291,Responsável 281,1,,,,P,False,5,,,,False
292,Responsável 282,1,,,,P,False,1,,,,False
293,Responsável 283,1,,,,P,False,5,,,,False
294,Responsável 284,1,,,,P,False,1,,,,False
295,Responsável 285,1,,,,P,False,1,,,,False
296,Responsável 286,1,,,,P,False,1,,,,False
297,Responsável 287,1,,,,P,False,1,,,,False
298,Responsável 288,1,,,,P,False,1,,,,False
299,Responsável 289,1,,,,P,False,5,,,,False
300,Responsável 290,1,,,,P,False,4,,,,False
301,Responsável 291,1,,,,P,False,1,,,,False
302,Responsável 292,1,,,F,P,False,0,,,,False
303,Responsável 293,1,,,,P,False,0,,,,False
304,Responsável 294,1,,,,P,False,0,,,,False
305,Responsável 295,1,,,,P,False,1,,,,False
306,Responsável 296,1,,,,P,False,0,,,,False
307,Responsável 297,1,,,,P,False,1,,,,False
308,Responsável 298,1,,,,P,False,1,,,,False
309,Responsável 299,1,,,,P,False,1,,,,False
310,Responsável 300,1,,,,P,False,0,,,,False
311,Responsável 301,1,,,,P,False,1,,,,False
312,Responsável 302,1,,,,P,False,1,,,,False
313,Responsável 303,1,,,,P,False,0,,,,False
314,Responsável 304,1,,,,P,False,1,,,,False
315,Responsável 305,1,,,,P,False,6,,,,False
316,Responsável 306,1,,,,P,False,1,,,,False
317,Responsável 307,1,,,,P,False,1,,,,False
318,Responsável 308,1,,,,P,False,1,,,,False
319,Responsável 309,1,,,,P,False,1,,,,False
320,Responsável 310,1,,,,P,False,0,,,,False
321,Responsável 311,1,,,,P,False,1,,,,False
323,Responsável 312,1,,,,P,False,1,,,,False
324,Responsável 313,1,,,,P,False,1,,,,False
325,Responsável 314,1,,,,P,False,4,,,,False
326,Responsável 315,1,,,,P,False,4,,,,False
327,Responsável 316,1,,,,P,False,1,,,,False
328,Responsável 317,1,,,,P,False,1,,,,False
329,Responsável 318,1,,,,P,False,1,,,,False
330,Responsável 319,1,,,,P,False,0,,,,False
331,Responsável 320,1,,,,P,False,1,,,,False
332,Responsável 321,1,,,,P,False,6,,,,False
333,Responsável 322,1,,,,P,False,4,,,,False
334,Responsável 323,1,,,,P,False,1,,,,False
335,Responsável 324,1,,,,P,False,0,,,,False
336,Responsável 325,1,,,,P,False,1,,,,False
337,Responsável 326,1,,,,P,False,6,,,,False
338,Responsável 327,1,,,,P,False,6,,,,False
339,Responsável 328,1,,,,P,False,1,,,,False
340,Responsável 329,1,,,,P,False,6,,,,False
341,Responsável 330,1,,,,P,False,1,,,,False
342,Responsável 331,1,,,,P,False,6,,,,False
343,Responsável 332,1,,,,P,False,1,,,,False
344,Responsável 333,1,,,,P,False,5,,,,False
345,Responsável 334,1,,,,P,False,1,,,,False
346,Responsável 335,1,,,,P,False,1,,,,False
347,Responsável 336,1,,,,P,False,1,,,,False
348,Responsável 337,1,,,,P,False,5,,,,False
349,Responsável 338,1,,,,P,False,1,,,,False
350,Responsável 339,1,,,,P,False,1,,,,False
351,Responsável 340,1,,,,P,False,6,,,,False
352,Responsável 341,1,,,,P,False,5,,,,False
353,Responsável 342,1,,,,P,False,1,,,,False
354,Responsável 343,1,,,,P,False,3,,,,False
355,Responsável 344,1,,,,P,False,0,,,,False
356,Responsável 345,1,,,,P,False,1,,,,False
357,Responsável 346,1,,,,P,False,1,,,,False
358,Responsável 347,1,,,,P,False,5,,,,False
359,Responsável 348,1,,,,P,False,6,,,,False
360,Responsável 349,1,,,,P,False,0,,,,False
361,Responsável 350,1,,,,P,False,6,,,,False
362,Responsável 351,1,,,,P,False,5,,,,False
363,Responsável 352,1,,,,P,False,4,,,,False
364,Responsável 353,1,,,,P,False,1,,,,False
365,Responsável 354,1,,,,P,False,4,,,,False
366,Responsável 355,1,,,,P,False,5,,,,False
367,Responsável 356,1,,,,P,False,5,,,,False
368,Responsável 357,1,,,,P,False,1,,,,False
369,Responsável 358,1,,,,P,False,1,,,,False
370,Responsável 359,1,,,,P,False,5,,,,False
371,Responsável 360,1,,,,P,False,1,,,,False
372,Responsável 361,1,,,,P,False,0,,,,False
373,Responsável 362,1,,,,P,False,0,,,,False
374,Responsável 363,1,,,,P,False,1,,,,False
375,Responsável 364,1,,,,P,False,0,,,,False
376,Responsável 365,1,,,,P,False,0,,,,False
377,Responsável 366,1,,,,P,False,1,,,,False
378,Responsável 367,1,,,,P,False,1,,,,False
379,Responsável 368,1,,,,P,False,5,,,,False
380,Responsável 369,1,,,,P,False,5,,,,False
381,Responsável 370,1,,,,P,False,1,,,,False
382,Responsável 371,1,,,,P,False,0,,,,False
383,Responsável 372,1,,,,P,False,0,,,,False
384,Responsável 373,1,,,,P,False,1,,,,False
385,Responsável 374,1,,,,P,False,1,,,,False
386,Responsável 375,1,,,,P,False,1,,,,False
387,Responsável 376,1,,,,P,False,1,,,,False
388,Responsável 377,1,,,,P,False,1,,,,False
389,Responsável 378,1,,,,P,False,1,,,,False
390,Responsável 379,1,,,,P,False,1,,,,False
391,Responsável 380,1,,,,P,False,5,,,,False
392,Responsável 381,1,,,,P,False,1,,,,False
393,Responsável 382,1,,,,P,False,6,,,,False
394,Responsável 383,1,,,,P,False,0,,,,False
395,Responsável 384,1,,,,P,False,5,,,,False
396,Responsável 385,1,,,,P,False,6,,,,False
397,Responsável 386,1,,,,P,False,1,,,,False
398,Responsável 387,1,,,,P,False,5,,,,False
399,Responsável 388,1,,,,P,False,1,,,,False
400,Responsável 389,1,,,,P,False,5,,,,False
401,Responsável 390,1,,,,P,False,1,,,,False
402,Responsável 391,1,,,,P,False,1,,,,False
403,Responsável 392,1,,,,P,False,1,,,,False
404,Responsável 393,1,,,,P,False,5,,,,False
405,Responsável 394,1,,,,P,False,6,,,,False
406,Responsável 395,1,,,,P,False,1,,,,False
407,Responsável 396,1,,,,P,False,5,,,,False
408,Responsável 397,1,,,,P,False,6,,,,False
409,Responsável 398,1,,,,P,False,1,,,,False
410,Responsável 399,1,,,,P,False,1,,,,False
411,Responsável 400,1,,,,P,False,1,,,,False
412,Responsável 401,1,,,,P,False,4,,,,False
413,Responsável 402,1,,,,P,False,4,,,,False
414,Responsável 403,1,,,,P,False,0,,,,False
415,Responsável 404,1,,,,P,False,1,,,,False
416,Responsável 405,1,,,,P,False,1,,,,False
417,Responsável 406,1,,,,P,False,6,,,,False
418,Responsável 407,1,,,,P,False,0,,,,False
419,Responsável 408,1,,,,P,False,4,,,,False
420,Responsável 409,1,,,,P,False,6,,,,False
421,Responsável 410,1,,,,P,False,1,,,,False
422,Responsável 411,1,,,,P,False,5,,,,False
423,Responsável 412,1,,,,P,False,1,,,,False
424,Responsável 413,1,,,,P,False,0,,,,False
425,Responsável 414,1,,,,P,False,0,,,,False
426,Responsável 415,1,,,,P,False,1,,,,False
427,Responsável 416,1,,,,P,False,1,,,,False
428,Responsável 417,1,,,,P,False,5,,,,False
429,Responsável 418,1,,,,P,False,1,,,,False
430,Responsável 419,1,,,,P,False,5,,,,False
431,Responsável 420,1,,,,P,False,0,,,,False
432,Responsável 421,1,,,,P,False,1,,,,False
433,Responsável 422,1,,,,P,False,5,,,,False
434,Responsável 423,1,,,,P,False,6,,,,False
435,Responsável 424,1,,,,P,False,6,,,,False
436,Responsável 425,1,,,,P,False,4,,,,False
437,Responsável 426,1,,,,P,False,0,,,,False
438,Responsável 427,1,,,,P,False,1,,,,False
439,Responsável 428,1,,,,P,False,4,,,,False
440,Responsável 429,1,,,,P,False,0,,,,False
441,Responsável 430,1,,,,P,False,0,,,,False
442,Responsável 431,1,,,,P,False,4,,,,False
443,Responsável 432,1,,,,P,False,1,,,,False
444,Responsável 433,1,,,,P,False,6,,,,False
445,Responsável 434,1,,,,P,False,4,,,,False
446,Responsável 435,1,,,,P,False,0,,,,False
447,Responsável 436,1,,,,P,False,1,,,,False
448,Responsável 437,1,,,,P,False,1,,,,False
449,Responsável 438,1,,,,P,False,6,,,,False
450,Responsável 439,1,,,,P,False,1,,,,False
451,Responsável 440,1,,,,P,False,0,,,,False
452,Responsável 441,1,,,,P,False,1,,,,False
453,Responsável 442,1,,,,P,False,0,,,,False
454,Responsável 443,1,,,,P,False,6,,,,False
455,Responsável 444,1,,,,P,False,1,,,,False
456,Responsável 445,1,,,,P,False,1,,,,False
457,Responsável 446,1,,,,P,False,0,,,,False
458,Responsável 447,1,,,,P,False,1,,,,False
459,Responsável 448,1,,,,P,False,1,,,,False
460,Responsável 449,1,,,,P,False,1,,,,False
461,Responsável 450,1,,,,P,False,6,,,,False
462,Responsável 451,1,,,,P,False,0,,,,False
463,Responsável 452,1,,,,P,False,0,,,,False
464,Responsável 453,1,,,,P,False,4,,,,False
465,Responsável 454,1,,,,P,False,1,,,,False
466,Responsável 455,1,,,,P,False,1,,,,False
467,Responsável 456,1,,,,P,False,1,,,,False
468,Responsável 457,1,,,,P,False,3,,,,False
469,Responsável 458,1,,,,P,False,0,,,,False
470,Responsável 459,1,,,,P,False,0,,,,False
471,Responsável 460,1,,,,P,False,6,,,,False
472,Responsável 461,1,,,,P,False,3,,,,False
473,Responsável 462,1,,,,P,False,1,,,,False
474,Responsável 463,1,,,,P,False,5,,,,False
475,Responsável 464,1,,,,P,False,6,,,,False
476,Responsável 465,1,,,,P,False,0,,,,False
477,Responsável 466,1,,,,P,False,0,,,,False
478,Responsável 467,1,,,,P,False,6,,,,False
479,Responsável 468,1,,,,P,False,6,,,,False
480,Responsável 469,1,,,,P,False,0,,,,False
481,Responsável 470,1,,,,P,False,3,,,,False
482,Responsável 471,1,,,,P,False,1,,,,False
483,Responsável 472,1,,,,P,False,5,,,,False
484,Responsável 473,1,,,,P,False,1,,,,False
485,Responsável 474,1,,,,P,False,0,,,,False
486,Responsável 475,1,,,,P,False,0,,,,False
487,Responsável 476,1,,,,P,False,1,,,,False
488,Responsável 477,1,,,,P,False,1,,,,False
489,Responsável 478,1,,,,P,False,1,,,,False
490,Responsável 479,1,,,,P,False,0,,,,False
491,Responsável 480,1,,,,P,False,1,,,,False
492,Responsável 481,1,,,,P,False,1,,,,False
493,Responsável 482,1,,,,P,False,0,,,,False
494,Responsável 483,1,,,,P,False,0,,,,False
495,Responsável 484,1,,,,P,False,6,,,,False
496,Responsável 485,1,,,,P,False,1,,,,False
497,Responsável 486,1,,,,P,False,1,,,,False
498,Responsável 487,1,,,,P,False,1,,,,False
499,Responsável 488,1,,,,P,False,1,,,,False
500,Responsável 489,1,,,,P,False,1,,,,False
501,Responsável 490,1,,,,P,False,1,,,,False
502,Responsável 491,1,,,,P,False,0,,,,False
503,Responsável 492,1,,,,P,False,0,,,,False
504,Responsável 493,1,,,,P,False,1,,,,False
505,Responsável 494,1,,,,P,False,0,,,,False
506,Responsável 495,1,,,,P,False,5,,,,False
507,Responsável 496,1,,,,P,False,0,,,,False
508,Responsável 497,1,,,,P,False,1,,,,False
509,Responsável 498,1,,,,P,False,0,,,,False
510,Responsável 499,1,,,,P,False,6,,,,False
511,Responsável 500,1,,,,P,False,1,,,,False
512,Responsável 501,1,,,,P,False,0,,,,False
513,Responsável 502,1,,,,P,False,1,,,,False
514,Responsável 503,1,,,,P,False,1,,,,False
515,Responsável 504,1,,,,P,False,1,,,,False
516,Responsável 505,1,,,,P,False,1,,,,False
517,Responsável 506,1,,,,P,False,1,,,,False
518,Responsável 507,1,,,,P,False,1,,,,False
519,Responsável 508,1,,,,P,False,0,,,,False
520,Responsável 509,1,,,,P,False,0,,,,False
521,Responsável 510,1,,,,P,False,1,,,,False
522,Responsável 511,1,,,,P,False,5,,,,False
523,Responsável 512,1,,,,P,False,1,,,,False
524,Responsável 513,1,,,,P,False,0,,,,False
525,Responsável 514,1,,,,P,False,0,,,,False
526,Responsável 515,1,,,,P,False,5,,,,False
527,Responsável 516,1,,,,P,False,6,,,,False
528,Responsável 517,1,,,,P,False,6,,,,False
529,Responsável 518,1,,,,P,False,1,,,,False
530,Responsável 519,1,,,,P,False,0,,,,False
531,Responsável 520,1,,,,P,False,5,,,,False
532,Responsável 521,1,,,,P,False,0,,,,False
533,Responsável 522,1,,,,P,False,6,,,,False
534,Responsável 523,1,,,,P,False,1,,,,False
535,Responsável 524,1,,,,P,False,4,,,,False
536,Responsável 525,1,,,,P,False,4,,,,False
537,Responsável 526,1,,,,P,False,1,,,,False
538,Responsável 527,1,,,,P,False,1,,,,False
539,Responsável 528,1,,,,P,False,5,,,,False
540,Responsável 529,1,,,,P,False,6,,,,False
541,Responsável 530,1,,,,P,False,1,,,,False
542,Responsável 531,1,,,,P,False,1,,,,False
543,Responsável 532,1,,,,P,False,4,,,,False
544,Responsável 533,1,,,,P,False,0,,,,False
545,Responsável 534,1,,,,P,False,1,,,,False
546,Responsável 535,1,,,,P,False,1,,,,False
547,Responsável 536,1,,,,P,False,1,,,,False
548,Responsável 537,1,,,,P,False,0,,,,False
549,Responsável 538,1,,,,P,False,1,,,,False
550,Responsável 539,1,,,,P,False,4,,,,False
551,Responsável 540,1,,,,P,False,6,,,,False
552,Responsável 541,1,,,,P,False,1,,,,False
553,Responsável 542,1,,,,P,False,1,,,,False
554,Responsável 543,1,,,,P,False,6,,,,False
555,Responsável 544,1,,,,P,False,1,,,,False
556,Responsável 545,1,,,,P,False,4,,,,False
557,Responsável 546,1,,,,P,False,6,,,,False
558,Responsável 547,1,,,,P,False,0,,,,False
559,Responsável 548,1,,,,P,False,4,,,,False
560,Responsável 549,1,,,,P,False,1,,,,False
561,Responsável 550,1,,,,P,False,0,,,,False
562,Responsável 551,1,,,,P,False,0,,,,False
563,Responsável 552,1,,,,P,False,1,,,,False
564,Responsável 553,1,,,,P,False,1,,,,False
565,Responsável 554,1,,,,P,False,6,,,,False
566,Responsável 555,1,,,,P,False,1,,,,False
567,Responsável 556,1,,,,P,False,1,,,,False
568,Responsável 557,1,,,,P,False,1,,,,False
569,Responsável 558,1,,,,P,False,1,,,,False
570,Responsável 559,1,,,,P,False,0,,,,False
571,Responsável 560,1,,,,P,False,1,,,,False
572,Responsável 561,1,,,,P,False,6,,,,False
573,Responsável 562,1,,,,P,False,1,,,,False
574,Responsável 563,1,,,,P,False,0,,,,False
575,Responsável 564,1,,,,P,False,5,,,,False
576,Responsável 565,1,,,,P,False,1,,,,False
577,Responsável 566,1,,,,P,False,5,,,,False
578,Responsável 567,1,,,,P,False,6,,,,False
579,Responsável 568,1,,,,P,False,0,,,,False
580,Responsável 569,1,,,,P,False,5,,,,False
581,Responsável 570,1,,,,P,False,1,,,,False
582,Responsável 571,1,,,,P,False,6,,,,False
583,Responsável 572,1,,,,P,False,6,,,,False
584,Responsável 573,1,,,,P,False,1,,,,False
585,Responsável 574,1,,,,P,False,6,,,,False
586,Responsável 575,1,,,,P,False,0,,,,False
587,Responsável 576,1,,,,P,False,0,,,,False
588,Responsável 577,1,,,,P,False,0,,,,False
589,Responsável 578,1,,,,P,False,1,,,,False
590,Responsável 579,1,,,,P,False,6,,,,False
591,Responsável 580,1,,,,P,False,0,,,,False
592,Responsável 581,1,,,,P,False,6,,,,False
593,Responsável 582,1,,,,P,False,6,,,,False
594,Responsável 583,1,,,,P,False,0,,,,False
595,Responsável 584,1,,,,P,False,1,,,,False
596,Responsável 585,1,,,,P,False,0,,,,False
597,Responsável 586,1,,,,P,False,1,,,,False
598,Responsável 587,1,,,,P,False,1,,,,False
599,Responsável 588,1,,,,P,False,4,,,,False
600,Responsável 589,1,,,,P,False,0,,,,False
601,Responsável 590,1,,,,P,False,6,,,,False
602,Responsável 591,1,,,,P,False,6,,,,False
603,Responsável 592,1,,,,P,False,0,,,,False
604,Responsável 593,1,,,,P,False,1,,,,False
605,Responsável 594,1,,,,P,False,1,,,,False
606,Responsável 595,1,,,,P,False,0,,,,False
607,Responsável 596,1,,,,P,False,0,,,,False
608,Responsável 597,1,,,,P,False,1,,,,False
609,Responsável 598,1,,,,P,False,1,,,,False
611,Responsável 599,1,,,,P,False,1,,,,False
612,Responsável 600,1,,,,P,False,0,,,,False
613,Responsável 601,1,,,,P,False,6,,,,False
614,Responsável 602,1,,,F,P,False,1,,,,False
615,Responsável 603,1,,2001-07-23 03:00:00,M,P,False,5,,,,False
616,Responsável 604,1,,,,P,False,0,,,,False
618,Responsável 605,1,,1988-09-24 03:00:00,M,P,False,5,,,,False
619,Responsável 606,1,,,,P,False,0,,,,False
620,Responsável 607,1,,,,P,False,6,,,,False
621,Responsável 608,1,,,,P,False,0,,,,False
622,Responsável 609,1,,,,P,False,0,,,,False
624,Responsável 610,1,,1995-06-23 03:00:00,M,P,False,5,,,,False
625,Responsável 611,1,,,,P,False,0,,,,False
626,Responsável 612,1,,,,P,False,0,,,,False
627,Responsável 613,1,,,,P,False,1,,,,False
628,Responsável 614,1,,,,P,False,0,,,,False
629,Responsável 615,1,,,,P,False,1,,,,False
630,Responsável 616,1,,,,P,False,6,,,,False
632,Responsável 617,1,,1997-09-14 03:00:00,F,P,False,5,,,,False
634,Responsável 618,1,,2002-10-08 03:00:00,M,P,False,5,,,,False
635,Responsável 619,1,,,,P,False,5,,,,False
636,Responsável 620,1,,,,P,False,1,,,,False
637,Responsável 621,1,,,F,P,False,1,,,,False
638,Responsável 622,1,,,,P,False,1,,,,False
639,Responsável 623,1,,,,P,False,6,,,,False
640,Responsável 624,1,,,,P,False,1,,,,False
641,Responsável 625,1,,,,P,False,1,,,,False
642,Responsável 626,1,,,,P,False,1,,,,False
643,Responsável 627,1,,,,P,False,1,,,,False
644,Responsável 628,1,,,,P,False,5,,,,False
646,Responsável 629,1,,1996-12-08 02:00:00,M,P,False,5,,,,False
647,Responsável 630,1,,2003-03-14 03:00:00,F,P,False,5,,,,False
648,Responsável 631,1,,,,P,False,1,,,,False
649,Responsável 632,1,,,,P,False,5,,,,False
650,Responsável 633,1,,,,P,False,0,,,,False
651,Responsável 634,1,,,,P,False,0,,,,False
652,Responsável 635,1,,,,P,False,0,,,,False
653,Responsável 636,1,,2002-04-08 03:00:00,M,P,False,5,,,,False
654,Responsável 637,1,,,,P,False,0,,,,False
655,Responsável 638,1,,2001-01-28 02:00:00,M,P,False,5,,,,False
656,Responsável 639,1,,2000-11-08 02:00:00,F,P,False,5,,,,False
657,Responsável 640,1,,2002-02-04 02:00:00,F,P,False,5,,,,False
658,Responsável 641,1,,,,P,False,1,,,,False
659,Responsável 642,1,,,,P,False,0,,,,False
660,Responsável 643,1,,,,P,False,0,,,,False
661,Responsável 644,1,,,,P,False,1,,,,False
662,Responsável 645,1,,,,P,False,0,,,,False
663,Responsável 646,1,,,,P,False,4,,,,False
664,Responsável 647,1,,,,P,False,1,,,,False
665,Responsável 648,1,,,,P,False,1,,,,False
666,Responsável 649,1,,,,P,False,0,,,,False
667,Responsável 650,1,,,,P,False,4,,,,False
668,Responsável 651,1,,,,P,False,0,,,,False
669,Responsável 652,1,,,,P,False,0,,,,False
670,Responsável 653,1,,,,P,False,1,,,,False
671,Responsável 654,1,,,,P,False,4,,,,False
672,Responsável 655,1,,,,P,False,1,,,,False
673,Responsável 656,1,,,,P,False,1,,,,False
674,Responsável 657,1,,,,P,False,5,,,,False
675,Responsável 658,1,,,,P,False,1,,,,False
676,Responsável 659,1,,,,P,False,1,,,,False
677,Responsável 660,1,,2002-12-03 02:00:00,M,P,False,0,,,,False
678,Responsável 661,1,,,,P,False,0,,,,False
679,Responsável 662,1,,,,P,False,1,,,,False
680,Responsável 663,1,,,,P,False,1,,,,False
681,Responsável 664,1,,,,P,False,1,,,,False
682,Responsável 665,1,,,,P,False,4,,,,False
683,Responsável 666,1,,,,P,False,0,,,,False
684,Responsável 667,1,,,,P,False,1,,,,False
685,Responsável 668,1,,,,P,False,1,,,,False
686,Responsável 669,1,,,,P,False,0,,,,False
687,Responsável 670,1,,,,P,False,0,,,,False
688,Responsável 671,1,,,,P,False,5,,,,False
689,Responsável 672,1,,,,P,False,0,,,,False
690,Responsável 673,1,,,,P,False,0,,,,False
691,Responsável 674,1,,,,P,False,1,,,,False
692,Responsável 675,1,,,,P,False,5,,,,False
693,Responsável 676,1,,,,P,False,5,,,,False
694,Responsável 677,1,,,,P,False,5,,,,False
695,Responsável 678,1,,,,P,False,5,,,,False
696,Responsável 679,1,,,,P,False,5,,,,False
697,Responsável 680,1,,,,P,False,4,,,,False
698,Responsável 681,1,,,,P,False,5,,,,False
699,Responsável 682,1,,,,P,False,1,,,,False
700,Responsável 683,1,,,,P,False,1,,,,False
701,Responsável 684,1,,,,P,False,1,,,,False
702,Responsável 685,1,,,,P,False,1,,,,False
703,Responsável 686,1,,,,P,False,2,,,,False
704,Responsável 687,1,,,,P,False,0,,,,False
705,Responsável 688,1,,,,P,False,5,,,,False
706,Responsável 689,1,,,,P,False,1,,,,False
707,Responsável 690,1,,,,P,False,1,,,,False
708,Responsável 691,1,,,,P,False,0,,,,False
709,Responsável 692,1,,,,P,False,1,,,,False
710,Responsável 693,1,,,,P,False,1,,,,False
711,Responsável 694,1,,,,P,False,6,,,,False
712,Responsável 695,1,,,,P,False,1,,,,False
713,Responsável 696,1,,,,P,False,0,,,,False
714,Responsável 697,1,,,,P,False,5,,,,False
715,Responsável 698,1,,,,P,False,0,,,,False
716,Responsável 699,1,,,,P,False,1,,,,False
717,Responsável 700,1,,,,P,False,1,,,,False
718,Responsável 701,1,,,,P,False,6,,,,False
719,Responsável 702,1,,,,P,False,1,,,,False
720,Responsável 703,1,,,,P,False,0,,,,False
721,Responsável 704,1,,,,P,False,1,,,,False
722,Responsável 705,1,,,,P,False,0,,,,False
723,Responsável 706,1,,,,P,False,1,,,,False
724,Responsável 707,1,,,,P,False,1,,,,False
725,Responsável 708,1,,,,P,False,1,,,,False
726,Responsável 709,1,,,,P,False,0,,,,False
727,Responsável 710,1,,,,P,False,1,,,,False
728,Responsável 711,1,,,,P,False,0,,,,False
729,Responsável 712,1,,,,P,False,5,,,,False
730,Responsável 713,1,,,,P,False,5,,,,False
731,Responsável 714,1,,,,P,False,6,,,,False
732,Responsável 715,1,,,,P,False,5,,,,False
733,Responsável 716,1,,,,P,False,1,,,,False
734,Responsável 717,1,,,,P,False,0,,,,False
735,Responsável 718,1,,,,P,False,6,,,,False
736,Responsável 719,1,,,,P,False,5,,,,False
737,Responsável 720,1,,,,P,False,1,,,,False
738,Responsável 721,1,,,,P,False,5,,,,False
739,Responsável 722,1,,,,P,False,0,,,,False
740,Responsável 723,1,,,,P,False,1,,,,False
744,Responsável 724,1,,,,P,False,5,,,,False
745,Responsável 725,1,,,,P,False,1,,,,False
746,Responsável 726,1,,,,P,False,1,,,,False
747,Responsável 727,1,,,,P,False,0,,,,False
748,Responsável 728,1,,,,P,False,0,,,,False
749,Responsável 729,1,,,,P,False,5,,,,False
750,Responsável 730,1,,,,P,False,0,,,,False
751,Responsável 731,1,,,,P,False,0,,,,False
752,Responsável 732,1,,,,P,False,0,,,,False
753,Responsável 733,1,,,,P,False,5,,,,False
754,Responsável 734,1,,,,P,False,1,,,,False
755,Responsável 735,1,,,,P,False,6,,,,False
756,Responsável 736,1,,,,P,False,0,,,,False
757,Responsável 737,1,,,,P,False,0,,,,False
758,Responsável 738,1,,,,P,False,1,,,,False
759,Responsável 739,1,,,,P,False,0,,,,False
760,Responsável 740,1,,,,P,False,6,,,,False
761,Responsável 741,1,,,,P,False,0,,,,False
762,Responsável 742,1,,,,P,False,5,,,,False
763,Responsável 743,1,,,,P,False,5,,,,False
764,Responsável 744,1,,,,P,False,0,,,,False
765,Responsável 745,1,,,,P,False,5,,,,False
766,Responsável 746,1,,,,P,False,5,,,,False
767,Responsável 747,1,,,,P,False,5,,,,False
768,Responsável 748,1,,,,P,False,1,,,,False
769,Responsável 749,1,,,,P,False,6,,,,False
770,Responsável 750,1,,,,P,False,0,,,,False
771,Responsável 751,1,,,,P,False,5,,,,False
772,Responsável 752,1,,,,P,False,1,,,,False
773,Responsável 753,1,,,,P,False,5,,,,False
774,Responsável 754,1,,,,P,False,6,,,,False
775,Responsável 755,1,,,,P,False,5,,,,False
776,Responsável 756,1,,,,P,False,1,,,,False
777,Responsável 757,1,,,,P,False,1,,,,False
778,Responsável 758,1,,,M,P,False,0,,,,False
779,Responsável 759,1,,,,P,False,6,,,,False
780,Responsável 760,1,,,,P,False,0,,,,False
781,Responsável 761,1,,,,P,False,1,,,,False
782,Responsável 762,1,,,,P,False,1,,,,False
783,Responsável 763,1,,,,P,False,6,,,,False
784,Responsável 764,1,,,,P,False,5,,,,False
785,Responsável 765,1,,,,P,False,5,,,,False
786,Responsável 766,1,,,,P,False,6,,,,False
787,Responsável 767,1,,,,P,False,5,,,,False
788,Responsável 768,1,,,,P,False,0,,,,False
789,Responsável 769,1,,,,P,False,0,,,,False
790,Responsável 770,1,,,,P,False,1,,,,False
791,Responsável 771,1,,,,P,False,0,,,,False
792,Responsável 772,1,,,,P,False,4,,,,False
793,Responsável 773,1,,,,P,False,4,,,,False
794,Responsável 774,1,,,,P,False,0,,,,False
795,Responsável 775,1,,,,P,False,0,,,,False
796,Responsável 776,1,,,,P,False,0,,,,False
797,Responsável 777,1,,,,P,False,1,,,,False
798,Responsável 778,1,,,,P,False,1,,,,False
799,Responsável 779,1,,,,P,False,1,,,,False
800,Responsável 780,1,,,,P,False,1,,,,False
801,Responsável 781,1,,,,P,False,4,,,,False
802,Responsável 782,1,,,,P,False,4,,,,False
803,Responsável 783,1,,,,P,False,0,,,,False
804,Responsável 784,1,,,,P,False,0,,,,False
805,Responsável 785,1,,,,P,False,0,,,,False
806,Responsável 786,1,,,,P,False,1,,,,False
807,Responsável 787,1,,,,P,False,0,,,,False
808,Responsável 788,1,,,,P,False,1,,,,False
809,Responsável 789,1,,,,P,False,6,,,,False
810,Responsável 790,1,,,,P,False,1,,,,False
811,Responsável 791,1,,,,P,False,1,,,,False
812,Responsável 792,1,,,,P,False,1,,,,False
813,Responsável 793,1,,,,P,False,4,,,,False
814,Responsável 794,1,,,,P,False,4,,,,False
815,Responsável 795,1,,,,P,False,0,,,,False
816,Responsável 796,1,,,,P,False,5,,,,False
817,Responsável 797,1,,,,P,False,1,,,,False
818,Responsável 798,1,,,,P,False,1,,,,False
819,Responsável 799,1,,,,P,False,0,,,,False
820,Responsável 800,1,,,,P,False,1,,,,False
821,Responsável 801,1,,,,P,False,0,,,,False
822,Responsável 802,1,,,,P,False,1,,,,False
823,Responsável 803,1,,,,P,False,1,,,,False
824,Responsável 804,1,,,,P,False,5,,,,False
825,Responsável 805,1,,,,P,False,1,,,,False
826,Responsável 806,1,,,,P,False,1,,,,False
827,Responsável 807,1,,,,P,False,4,,,,False
828,Responsável 808,1,,,,P,False,0,,,,False
829,Responsável 809,1,,,,P,False,0,,,,False
830,Responsável 810,1,,,,P,False,0,,,,False
831,Responsável 811,1,,,,P,False,6,,,,False
832,Responsável 812,1,,,,P,False,0,,,,False
833,Responsável 813,1,,,,P,False,5,,,,False
834,Responsável 814,1,,,,P,False,0,,,,False
835,Responsável 815,1,,,,P,False,1,,,,False
836,Responsável 816,1,,,,P,False,0,,,,False
837,Responsável 817,1,,,,P,False,1,,,,False
838,Responsável 818,1,,,,P,False,0,,,,False
839,Responsável 819,1,,,,P,False,1,,,,False
840,Responsável 820,1,,,,P,False,0,,,,False
841,Responsável 821,1,,,,P,False,6,,,,False
842,Responsável 822,1,,,,P,False,0,,,,False
843,Responsável 823,1,,,,P,False,1,,,,False
844,Responsável 824,1,,,,P,False,1,,,,False
845,Responsável 825,1,,,,P,False,1,,,,False
846,Responsável 826,1,,,,P,False,0,,,,False
847,Responsável 827,1,,,,P,False,5,,,,False
848,Responsável 828,1,,,,P,False,5,,,,False
849,Responsável 829,1,,,,P,False,0,,,,False
850,Responsável 830,1,,,,P,False,1,,,,False
851,Responsável 831,1,,,,P,False,5,,,,False
852,Responsável 832,1,,,,P,False,5,,,,False
853,Responsável 833,1,,,,P,False,1,,,,False
854,Responsável 834,1,,,,P,False,1,,,,False
855,Responsável 835,1,,,,P,False,0,,,,False
856,Responsável 836,1,,,,P,False,5,,,,False
857,Responsável 837,1,,,,P,False,5,,,,False
858,Responsável 838,1,,,,P,False,5,,,,False
859,Responsável 839,1,,,,P,False,5,,,,False
860,Responsável 840,1,,,,P,False,5,,,,False
861,Responsável 841,1,,,,P,False,5,,,,False
862,Responsável 842,1,,,,P,False,5,,,,False
865,Responsável 843,1,,,,P,False,5,,,,False
866,Responsável 844,1,,,,P,False,0,,,,False
868,Responsável 845,1,,,,P,False,5,,,,False
869,Responsável 846,1,,,,P,False,5,,,,False
870,Responsável 847,1,,,,P,False,5,,,,False
872,Responsável 848,1,,,,P,False,4,,,,False
873,Responsável 849,1,,,,P,False,1,,,,False
874,Responsável 850,1,,,,P,False,0,,,,False
875,Responsável 851,1,,,,P,False,1,,,,False
876,Responsável 852,1,,,,P,False,5,,,,False
877,Responsável 853,1,,,,P,False,5,,,,False
878,Responsável 854,1,,,F,P,False,1,,,,False
879,Responsável 855,1,,,,P,False,1,,,,False
880,Responsável 856,1,,,,P,False,5,,,,False
881,Responsável 857,1,,,,P,False,0,,,,False
882,Responsável 858,1,,,,P,False,5,,,,False
883,Responsável 859,1,,,,P,False,5,,,,False
884,Responsável 860,1,,,,P,False,1,,,,False
885,Responsável 861,1,,,,P,False,6,,,,False
886,Responsável 862,1,,,,P,False,5,,,,False
887,Responsável 863,1,,,,P,False,0,,,,False
888,Responsável 864,1,,,,P,False,5,,,,False
889,Responsável 865,1,,,,P,False,6,,,,False
890,Responsável 866,1,,,,P,False,4,,,,False
891,Responsável 867,1,,,,P,False,6,,,,False
892,Responsável 868,1,,,,P,False,5,,,,False
893,Responsável 869,1,,,,P,False,0,,,,False
894,Responsável 870,1,,,,P,False,5,,,,False
895,Responsável 871,1,,,,P,False,0,,,,False
896,Responsável 872,1,,,,P,False,1,,,,False
897,Responsável 873,1,,,,P,False,5,,,,False
898,Responsável 874,1,,,,P,False,5,,,,False
899,Responsável 875,1,,,,P,False,4,,,,False
900,Responsável 876,1,,,,P,False,0,,,,False
901,Responsável 877,1,,,,P,False,1,,,,False
902,Responsável 878,1,,,,P,False,5,,,,False
903,Responsável 879,1,,,,P,False,5,,,,False
904,Responsável 880,1,,,,P,False,5,,,,False
905,Responsável 881,1,,,,P,False,5,,,,False
906,Responsável 882,1,,,,P,False,5,,,,False
907,Responsável 883,1,,,,P,False,0,,,,False
908,Responsável 884,1,,,,P,False,5,,,,False
909,Responsável 885,1,,,,P,False,5,,,,False
910,Responsável 886,1,,,,P,False,1,,,,False
911,Responsável 887,1,,,,P,False,0,,,,False
912,Responsável 888,1,,,,P,False,1,,,,False
913,Responsável 889,1,,,,P,False,5,,,,False
914,Responsável 890,1,,,,P,False,5,,,,False
915,Responsável 891,1,,,,P,False,0,,,,False
916,Responsável 892,1,,,,P,False,5,,,,False
917,Responsável 893,1,,,,P,False,1,,,,False
918,Responsável 894,1,,,,P,False,5,,,,False
919,Responsável 895,1,,,,P,False,5,,,,False
920,Responsável 896,1,,,,P,False,5,,,,False
921,Responsável 897,1,,,,P,False,1,,,,False
922,Responsável 898,1,,,,P,False,1,,,,False
923,Responsável 899,1,,,,P,False,1,,,,False
924,Responsável 900,1,,,,P,False,4,,,,False
925,Responsável 901,1,,2003-01-12 02:00:00,F,P,False,5,,,,False
926,Responsável 902,1,,, ,P,False,5,,,,False
927,Responsável 903,1,,,,P,False,1,,,,False
928,Responsável 904,1,,,,P,False,0,,,,False
929,Responsável 905,1,,,,P,False,1,,,,False
930,Responsável 906,1,,,,P,False,1,,,,False
931,Responsável 907,1,,,,P,False,1,,,,False
932,Responsável 908,1,,,,P,False,1,,,,False
933,Responsável 909,1,,,,P,False,1,,,,False
934,Responsável 910,1,,,,P,False,5,,,,False
935,Responsável 911,1,,,,P,False,0,,,,False
936,Responsável 912,1,,,,P,False,5,,,,False
937,Responsável 913,1,,,,P,False,0,,,,False
938,Responsável 914,1,,2003-11-22 00:00:00,F,P,False,5,,,,False
939,Responsável 915,1,,,,P,False,5,,,,False
940,Responsável 916,1,,,,P,False,0,,,,False
941,Responsável 917,1,,,,P,False,1,,,,False
942,Responsável 918,1,,,,P,False,5,,,,False
943,Responsável 919,1,,,,P,False,0,,,,False
944,Responsável 920,1,,,M,P,False,5,,,,False
945,Responsável 921,1,,,,P,False,4,,,,False
946,Responsável 922,1,,,M,P,False,5,,,,False
947,Responsável 923,1,,,,P,False,5,,,,False
948,Responsável 924,1,,,,P,False,1,,,,False
949,Responsável 925,1,,,M,P,False,5,,,,False
950,Responsável 926,1,,,,P,False,0,,,,False
951,Responsável 927,1,,,,P,False,0,,,,False
952,Responsável 928,1,,,,P,False,1,,,,False
953,Responsável 929,1,,,,P,False,0,,,,False
955,Responsável 930,1,,,,P,False,1,,,,False
956,Responsável 931,1,,,,P,False,2,,,,False
957,Responsável 932,1,,,,P,False,1,,,,False
958,Responsável 933,1,,,,P,False,3,,,,False
959,Responsável 934,1,,,,P,False,0,,,,False
960,Responsável 935,1,,,,P,False,1,,,,False
961,Responsável 936,1,,2003-11-09 02:00:00,F,P,False,5,,,,False
962,Responsável 937,1,,,,P,False,0,,,,False
963,Responsável 938,1,,,,P,False,1,,,,False
964,Responsável 939,1,,,,P,False,1,,,,False
965,Responsável 940,1,,,,P,False,0,,,,False
966,Responsável 941,1,,,,P,False,1,,,,False
967,Responsável 942,1,,,,P,False,1,,,,False
968,Responsável 943,1,,,,P,False,1,,,,False
969,Responsável 944,1,,,,P,False,1,,,,False
970,Responsável 945,1,,,,P,False,1,,,,False
971,Responsável 946,1,,,,P,False,0,,,,False
972,Responsável 947,1,,,,P,False,5,,,,False
973,Responsável 948,1,,,,P,False,4,,,,False
974,Responsável 949,1,,,,P,False,4,,,,False
975,Responsável 950,1,,,,P,False,0,,,,False
976,Responsável 951,1,,,,P,False,0,,,,False
977,Responsável 952,1,,,,P,False,0,,,,False
978,Responsável 953,1,,,,P,False,2,,,,False
979,Responsável 954,1,,1991-11-14 00:00:00,,P,False,0,,,,False
980,Responsável 955,1,,,,P,False,1,,,,False
981,Responsável 956,1,,,,P,False,0,,,,False
982,Responsável 957,1,,,,P,False,1,,,,False
983,Responsável 958,1,,,,P,False,1,,,,False
984,Responsável 959,1,,,,P,False,1,,,,False
985,Responsável 960,1,,,,P,False,0,,,,False
986,Responsável 961,1,,,,P,False,1,,,,False
987,Responsável 962,1,,,,P,False,0,,,,False
988,Responsável 963,1,,,,P,False,0,,,,False
989,Responsável 964,1,,,,P,False,0,,,,False
990,Responsável 965,1,,,,P,False,1,,,,False
991,Responsável 966,1,,,,P,False,1,,,,False
992,Responsável 967,1,,,,P,False,0,,,,False
993,Responsável 968,1,,,,P,False,0,,,,False
994,Responsável 969,1,,,,P,False,1,,,,False
995,Responsável 970,1,,,,P,False,0,,,,False
996,Responsável 971,1,,,,P,False,1,,,,False
997,Responsável 972,1,,,,P,False,1,,,,False
998,Responsável 973,1,,,,P,False,6,,,,False
999,Responsável 974,1,,,,P,False,1,,,,False
1000,Responsável 975,1,,,,P,False,2,,,,False
1001,Responsável 976,1,,,,P,False,1,,,,False
1002,Responsável 977,1,,,,P,False,0,,,,False
1003,Responsável 978,1,,,,P,False,5,,,,False
1004,Responsável 979,1,,,,P,False,1,,,,False
1005,Responsável 980,1,,,,P,False,1,,,,False
1006,Responsável 981,1,,,,P,False,1,,,,False
1007,Responsável 982,1,,,,P,False,0,,,,False
1008,Responsável 983,1,,,,P,False,5,,,,False
1009,Responsável 984,1,,,,P,False,1,,,,False
1010,Responsável 985,1,,,,P,False,1,,,,False
1011,Responsável 986,1,,,,P,False,0,,,,False
1012,Responsável 987,1,,,,P,False,6,,,,False
1013,Responsável 988,1,,,,P,False,6,,,,False
1014,Responsável 989,1,,,,P,False,1,,,,False
1015,Responsável 990,1,,,,P,False,1,,,,False
1016,Responsável 991,1,,,,P,False,1,,,,False
1017,Responsável 992,1,,,,P,False,0,,,,False
1018,Responsável 993,1,,,,P,False,0,,,,False
1019,Responsável 994,1,,,,P,False,1,,,,False
1020,Responsável 995,1,,,,P,False,0,,,,False
1021,Responsável 996,1,,,,P,False,1,,,,False
1022,Responsável 997,1,,,,P,False,1,,,,False
1023,Responsável 998,1,,,,P,False,0,,,,False
1024,Responsável 999,1,,,,P,False,0,,,,False
1025,Responsável 1000,1,,,,P,False,0,,,,False
1026,Responsável 1001,1,,,,P,False,1,,,,False
1027,Responsável 1002,1,,,,P,False,0,,,,False
1028,Responsável 1003,1,,,,P,False,1,,,,False
1029,Responsável 1004,1,,,,P,False,1,,,,False
1030,Responsável 1005,1,,,,P,False,1,,,,False
1031,Responsável 1006,1,,,,P,False,1,,,,False
1032,Responsável 1007,1,,,,P,False,0,,,,False
1033,Responsável 1008,1,,,,P,False,0,,,,False
1034,Responsável 1009,1,,,,P,False,1,,,,False
1035,Responsável 1010,1,,,,P,False,1,,,,False
1036,Responsável 1011,1,,,,P,False,0,,,,False
1037,Responsável 1012,1,,,,P,False,3,,,,False
1038,Responsável 1013,1,,,,P,False,1,,,,False
1039,Responsável 1014,1,,,,P,False,0,,,,False
1040,Responsável 1015,1,,,,P,False,0,,,,False
1041,Responsável 1016,1,,,,P,False,1,,,,False
1042,Responsável 1017,1,,2001-01-06 02:00:00,F,P,False,5,,,,False
1043,Responsável 1018,1,,,,P,False,1,,,,False
1044,Responsável 1019,1,,,,P,False,1,,,,False
1045,Responsável 1020,1,,,,P,False,1,,,,False
1046,Responsável 1021,1,,,,P,False,1,,,,False
1047,Responsável 1022,1,,,,P,False,0,,,,False
1048,Responsável 1023,1,,,,P,False,0,,,,False
1049,Responsável 1024,1,,,,P,False,1,,,,False
1050,Responsável 1025,1,,,,P,False,0,,,,False
1051,Responsável 1026,1,,,,P,False,0,,,,False
1052,Responsável 1027,1,,,,P,False,1,,,,False
1053,Responsável 1028,1,,,,P,False,1,,,,False
1054,Responsável 1029,1,,,,P,False,1,,,,False
1055,Responsável 1030,1,,,,P,False,1,,,,False
1056,Responsável 1031,1,,,,P,False,1,,,,False
1057,Responsável 1032,1,,,,P,False,1,,,,False
1058,Responsável 1033,1,,,,P,False,4,,,,False
1059,Responsável 1034,1,,,,P,False,6,,,,False
1060,Responsável 1035,1,,,,P,False,1,,,,False
1061,Responsável 1036,1,,,,P,False,5,,,,False
1062,Responsável 1037,1,,,,P,False,4,,,,False
1063,Responsável 1038,1,,,F,P,False,1,,,,False
1064,Responsável 1039,1,,,,P,False,0,,,,False
1065,Responsável 1040,1,,,,P,False,1,,,,False
1066,Responsável 1041,1,,,,P,False,1,,,,False
1067,Responsável 1042,1,,,,P,False,0,,,,False
1068,Responsável 1043,1,,,,P,False,4,,,,False
1069,Responsável 1044,1,,,,P,False,1,,,,False
1070,Responsável 1045,1,,,,P,False,0,,,,False
1071,Responsável 1046,1,,,,P,False,5,,,,False
1072,Responsável 1047,1,,,,P,False,4,,,,False
1073,Responsável 1048,1,,,,P,False,0,,,,False
1074,Responsável 1049,1,,,,P,False,1,,,,False
1075,Responsável 1050,1,,,,P,False,1,,,,False
1076,Responsável 1051,1,,,,P,False,0,,,,False
1077,Responsável 1052,1,,2003-02-16 00:00:00,F,P,False,5,,,,False
1078,Responsável 1053,1,,,,P,False,1,,,,False
1079,Responsável 1054,1,,,,P,False,0,,,,False
1080,Responsável 1055,1,,,,P,False,0,,,,False
1081,Responsável 1056,1,,,,P,False,1,,,,False
1082,Responsável 1057,1,,,,P,False,1,,,,False
1083,Responsável 1058,1,,,,P,False,1,,,,False
1084,Responsável 1059,1,,,,P,False,1,,,,False
1085,Responsável 1060,1,,,,P,False,5,,,,False
1086,Responsável 1061,1,,,,P,False,0,,,,False
1087,Responsável 1062,1,,1995-05-29 00:00:00,,P,False,0,,,,False
1088,Responsável 1063,1,,,,P,False,1,,,,False
1089,Responsável 1064,1,,,,P,False,1,,,,False
1090,Responsável 1065,1,,,,P,False,0,,,,False
1091,Responsável 1066,1,,,,P,False,1,,,,False
1092,Responsável 1067,1,,,,P,False,1,,,,False
1093,Responsável 1068,1,,,,P,False,0,,,,False
1094,Responsável 1069,1,,,,P,False,1,,,,False
1095,Responsável 1070,1,,,,P,False,0,,,,False
1096,Responsável 1071,1,,,,P,False,1,,,,False
1097,Responsável 1072,1,,,,P,False,1,,,,False
1098,Responsável 1073,1,,,,P,False,1,,,,False
1099,Responsável 1074,1,,,,P,False,0,,,,False
1100,Responsável 1075,1,,,,P,False,1,,,,False
1101,Responsável 1076,1,,,,P,False,1,,,,False
1102,Responsável 1077,1,,,,P,False,1,,,,False
1103,Responsável 1078,1,,,,P,False,1,,,,False
1104,Responsável 1079,1,,,,P,False,1,,,,False
1105,Responsável 1080,1,,,,P,False,1,,,,False
1106,Responsável 1081,1,,,,P,False,0,,,,False
1107,Responsável 1082,1,,,M,P,False,5,,,,False
1108,Responsável 1083,1,,,,P,False,5,,,,False
1109,Responsável 1084,1,,,,P,False,0,,,,False
1110,Responsável 1085,1,,,,P,False,0,,,,False
1111,Responsável 1086,1,,,,P,False,5,,,,False
1112,Responsável 1087,1,,,,P,False,4,,,,False
1113,Responsável 1088,1,,,,P,False,0,,,,False
1114,Responsável 1089,1,,,,P,False,5,,,,False
1115,Responsável 1090,1,,,,P,False,1,,,,False
1116,Responsável 1091,1,,,,P,False,1,,,,False
1117,Responsável 1092,1,,,,P,False,5,,,,False
1118,Responsável 1093,1,,,,P,False,3,,,,False
1119,Responsável 1094,1,,,,P,False,0,,,,False
1120,Responsável 1095,1,,,,P,False,0,,,,False
1121,Responsável 1096,1,,,,P,False,1,,,,False
1122,Responsável 1097,1,,,,P,False,0,,,,False
1123,Responsável 1098,1,,,,P,False,1,,,,False
1124,Responsável 1099,1,,,,P,False,0,,,,False
1125,Responsável 1100,1,,,,P,False,0,,,,False
1126,Responsável 1101,1,,,,P,False,1,,,,False
1127,Responsável 1102,1,,,,P,False,1,,,,False
1128,Responsável 1103,1,,,,P,False,0,,,,False
1129,Responsável 1104,1,,,,P,False,4,,,,False
1130,Responsável 1105,1,,,,P,False,6,,,,False
1131,Responsável 1106,1,,,,P,False,1,,,,False
1132,Responsável 1107,1,,,,P,False,3,,,,False
1133,Responsável 1108,1,,,,P,False,1,,,,False
1134,Responsável 1109,1,,,,P,False,0,,,,False
1135,Responsável 1110,1,,,,P,False,1,,,,False
1136,Responsável 1111,1,,,,P,False,0,,,,False
1137,Responsável 1112,1,,,,P,False,3,,,,False
1138,Responsável 1113,1,,,,P,False,1,,,,False
1139,Responsável 1114,1,,,,P,False,6,,,,False
1140,Responsável 1115,1,,,,P,False,0,,,,False
1141,Responsável 1116,1,,,,P,False,1,,,,False
1142,Responsável 1117,1,,,,P,False,6,,,,False
1143,Responsável 1118,1,,,,P,False,1,,,,False
1144,Responsável 1119,1,,,,P,False,0,,,,False
1145,Responsável 1120,1,,,,P,False,0,,,,False
1146,Responsável 1121,1,,,,P,False,4,,,,False
1147,Responsável 1122,1,,1980-07-13 00:00:00,,P,False,1,,,,False
1148,Responsável 1123,1,,,,P,False,1,,,,False
1149,Responsável 1124,1,,,,P,False,0,,,,False
1150,Responsável 1125,1,,,,P,False,1,,,,False
1151,Responsável 1126,1,,,,P,False,0,,,,False
1152,Responsável 1127,1,,,,P,False,1,,,,False
1153,Responsável 1128,1,,,,P,False,1,,,,False
1154,Responsável 1129,1,,,,P,False,1,,,,False
1155,Responsável 1130,1,,,,P,False,5,,,,False
1156,Responsável 1131,1,,,,P,False,6,,,,False
1157,Responsável 1132,1,,,,P,False,1,,,,False
1158,Responsável 1133,1,,,,P,False,6,,,,False
1159,Responsável 1134,1,,,,P,False,1,,,,False
1160,Responsável 1135,1,,,,P,False,0,,,,False
1161,Responsável 1136,1,,,,P,False,0,,,,False
1162,Responsável 1137,1,,,,P,False,0,,,,False
1163,Responsável 1138,1,,,,P,False,6,,,,False
1164,Responsável 1139,1,,,,P,False,4,,,,False
1165,Responsável 1140,1,,,,P,False,1,,,,False
1166,Responsável 1141,1,,,,P,False,0,,,,False
1167,Responsável 1142,1,,,,P,False,4,,,,False
1168,Responsável 1143,1,,,,P,False,1,,,,False
1169,Responsável 1144,1,,,,P,False,4,,,,False
1170,Responsável 1145,1,,,F,P,False,0,,,,False
1171,Responsável 1146,1,,,,P,False,0,,,,False
1172,Responsável 1147,1,,,,P,False,1,,,,False
1173,Responsável 1148,1,,,,P,False,0,,,,False
1174,Responsável 1149,1,,,,P,False,0,,,,False
1175,Responsável 1150,1,,,,P,False,0,,,,False
1176,Responsável 1151,1,,,,P,False,1,,,,False
1177,Responsável 1152,1,,,,P,False,6,,,,False
1178,Responsável 1153,1,,,,P,False,1,,,,False
1179,Responsável 1154,1,,,,P,False,0,,,,False
1180,Responsável 1155,1,,,,P,False,0,,,,False
1181,Responsável 1156,1,,,,P,False,1,,,,False
1182,Responsável 1157,1,,,,P,False,1,,,,False
1183,Responsável 1158,1,,,,P,False,1,,,,False
1184,Responsável 1159,1,,,,P,False,1,,,,False
1185,Responsável 1160,1,,,,P,False,6,,,,False
1186,Responsável 1161,1,,,,P,False,0,,,,False
1187,Responsável 1162,1,,,,P,False,1,,,,False
1188,Responsável 1163,1,,,,P,False,4,,,,False
1189,Responsável 1164,1,,,,P,False,0,,,,False
1190,Responsável 1165,1,,,,P,False,1,,,,False
1191,Responsável 1166,1,,,,P,False,0,,,,False
1192,Responsável 1167,1,,,,P,False,1,,,,False
1193,Responsável 1168,1,,,,P,False,6,,,,False
1194,Responsável 1169,1,,,,P,False,1,,,,False
1195,Responsável 1170,1,,,,P,False,1,,,,False
1196,Responsável 1171,1,,,,P,False,1,,,,False
1197,Responsável 1172,1,,,,P,False,1,,,,False
1198,Responsável 1173,1,,,,P,False,5,,,,False
1199,Responsável 1174,1,,2001-10-15 00:00:00,F,P,False,5,,,,False
1200,Responsável 1175,1,,,,P,False,0,,,,False
1201,Responsável 1176,1,,,,P,False,1,,,,False
1202,Responsável 1177,1,,,,P,False,1,,,,False
1203,Responsável 1178,1,,,,P,False,0,,,,False
1204,Responsável 1179,1,,,,P,False,6,,,,False
1205,Responsável 1180,1,,,,P,False,0,,,,False
1206,Responsável 1181,1,,,,P,False,0,,,,False
1207,Responsável 1182,1,,,,P,False,0,,,,False
1208,Responsável 1183,1,,,,P,False,1,,,,False
1209,Responsável 1184,1,,,,P,False,0,,,,False
1210,Responsável 1185,1,,,,P,False,1,,,,False
1211,Responsável 1186,1,,,,P,False,1,,,,False
1212,Responsável 1187,1,,,,P,False,0,,,,False
1213,Responsável 1188,1,,,,P,False,1,,,,False
1214,Responsável 1189,1,,,,P,False,0,,,,False
1215,Responsável 1190,1,,,,P,False,1,,,,False
1216,Responsável 1191,1,,,,P,False,0,,,,False
1217,Responsável 1192,1,,,,P,False,1,,,,False
1218,Responsável 1193,1,,,,P,False,0,,,,False
1219,Responsável 1194,1,,,,P,False,0,,,,False
1220,Responsável 1195,1,,,,P,False,1,,,,False
1221,Responsável 1196,1,,,,P,False,0,,,,False
1222,Responsável 1197,1,,,,P,False,0,,,,False
1223,Responsável 1198,1,,,,P,False,0,,,,False
1224,Responsável 1199,1,,,,P,False,0,,,,False
1225,Responsável 1200,1,,,,P,False,0,,,,False
1226,Responsável 1201,1,,,,P,False,1,,,,False
1227,Responsável 1202,1,,,,P,False,0,,,,False
1228,Responsável 1203,1,,,,P,False,4,,,,False
1229,Responsável 1204,1,,,,P,False,1,,,,False
1230,Responsável 1205,1,,,,P,False,0,,,,False
1231,Responsável 1206,1,,,,P,False,1,,,,False
1232,Responsável 1207,1,,,,P,False,0,,,,False
1233,Responsável 1208,1,,,,P,False,0,,,,False
1234,Responsável 1209,1,,,,P,False,1,,,,False
1235,Responsável 1210,1,,,,P,False,0,,,,False
1236,Responsável 1211,1,,,,P,False,0,,,,False
1237,Responsável 1212,1,,,,P,False,1,,,,False
1238,Responsável 1213,1,,,,P,False,1,,,,False
1239,Responsável 1214,1,,,,P,False,0,,,,False
1240,Responsável 1215,1,,,,P,False,4,,,,False
1241,Responsável 1216,1,,,,P,False,1,,,,False
1242,Responsável 1217,1,,,,P,False,1,,,,False
1243,Responsável 1218,1,,,,P,False,0,,,,False
1244,Responsável 1219,1,,,,P,False,1,,,,False
1245,Responsável 1220,1,,,,P,False,0,,,,False
1246,Responsável 1221,1,,,,P,False,1,,,,False
1247,Responsável 1222,1,,,,P,False,0,,,,False
1248,Responsável 1223,1,,,,P,False,1,,,,False
1249,Responsável 1224,1,,,,P,False,0,,,,False
1250,Responsável 1225,1,,,,P,False,0,,,,False
1251,Responsável 1226,1,,,,P,False,0,,,,False
1252,Responsável 1227,1,,,,P,False,6,,,,False
1253,Responsável 1228,1,,,,P,False,1,,,,False
1254,Responsável 1229,1,,,,P,False,0,,,,False
1256,Responsável 1230,1,,,,P,False,3,,,,False
1257,Responsável 1231,1,,,,P,False,0,,,,False
1258,Responsável 1232,1,,,,P,False,1,,,,False
1259,Responsável 1233,1,,,,P,False,1,,,,False
1260,Responsável 1234,1,,,,P,False,1,,,,False
1261,Responsável 1235,1,,,,P,False,1,,,,False
1262,Responsável 1236,1,,,,P,False,0,,,,False
1263,Responsável 1237,1,,,,P,False,6,,,,False
1264,Responsável 1238,1,,,,P,False,0,,,,False
1265,Responsável 1239,1,,,,P,False,1,,,,False
1266,Responsável 1240,1,,,,P,False,1,,,,False
1267,Responsável 1241,1,,,,P,False,1,,,,False
1268,Responsável 1242,1,,,,P,False,6,,,,False
1269,Responsável 1243,1,,,,P,False,0,,,,False
1270,Responsável 1244,1,,,,P,False,1,,,,False
1271,Responsável 1245,1,,,,P,False,3,,,,False
1272,Responsável 1246,1,,,,P,False,1,,,,False
1273,Responsável 1247,1,,,,P,False,1,,,,False
1274,Responsável 1248,1,,,,P,False,1,,,,False
1275,Responsável 1249,1,,,,P,False,4,,,,False
1276,Responsável 1250,1,,,,P,False,0,,,,False
1277,Responsável 1251,1,,,,P,False,0,,,,False
1278,Responsável 1252,1,,,,P,False,1,,,,False
1279,Responsável 1253,1,,,,P,False,0,,,,False
1280,Responsável 1254,1,,,,P,False,1,,,,False
1281,Responsável 1255,1,,,,P,False,6,,,,False
1282,Responsável 1256,1,,,,P,False,0,,,,False
1283,Responsável 1257,1,,,,P,False,1,,,,False
1284,Responsável 1258,1,,,,P,False,0,,,,False
1285,Responsável 1259,1,,,,P,False,3,,,,False
1286,Responsável 1260,1,,,,P,False,1,,,,False
1287,Responsável 1261,1,,,,P,False,1,,,,False
1288,Responsável 1262,1,,,,P,False,1,,,,False
1289,Responsável 1263,1,,,,P,False,0,,,,False
1290,Responsável 1264,1,,,,P,False,0,,,,False
1291,Responsável 1265,1,,,,P,False,1,,,,False
1292,Responsável 1266,1,,,,P,False,0,,,,False
1293,Responsável 1267,1,,,,P,False,1,,,,False
1294,Responsável 1268,1,,,,P,False,1,,,,False
1295,Responsável 1269,1,,,,P,False,0,,,,False
1296,Responsável 1270,1,,,,P,False,0,,,,False
1297,Responsável 1271,1,,,,P,False,0,,,,False
1298,Responsável 1272,1,,,,P,False,1,,,,False
1299,Responsável 1273,1,,,,P,False,0,,,,False
1300,Responsável 1274,1,,,,P,False,1,,,,False
1301,Responsável 1275,1,,,,P,False,1,,,,False
1302,Responsável 1276,1,,,,P,False,4,,,,False
1303,Responsável 1277,1,,,,P,False,0,,,,False
1304,Responsável 1278,1,,,,P,False,0,,,,False
1305,Responsável 1279,1,,,,P,False,1,,,,False
1306,Responsável 1280,1,,,,P,False,1,,,,False
1307,Responsável 1281,1,,,,P,False,0,,,,False
1308,Responsável 1282,1,,,,P,False,1,,,,False
1309,Responsável 1283,1,,,,P,False,0,,,,False
1310,Responsável 1284,1,,,,P,False,1,,,,False
1311,Responsável 1285,1,,,,P,False,0,,,,False
1312,Responsável 1286,1,,,,P,False,0,,,,False
1313,Responsável 1287,1,,,,P,False,1,,,,False
1314,Responsável 1288,1,,,,P,False,1,,,,False
1315,Responsável 1289,1,,,,P,False,1,,,,False
1316,Responsável 1290,1,,,,P,False,1,,,,False
1317,Responsável 1291,1,,,,P,False,1,,,,False
1318,Responsável 1292,1,,,,P,False,0,,,,False
1319,Responsável 1293,1,,,,P,False,1,,,,False
1320,Responsável 1294,1,,,,P,False,0,,,,False
1321,Responsável 1295,1,,,,P,False,0,,,,False
1322,Responsável 1296,1,,,,P,False,1,,,,False
1323,Responsável 1297,1,,,,P,False,1,,,,False
1324,Responsável 1298,1,,,,P,False,0,,,,False
1325,Responsável 1299,1,,,,P,False,5,,,,False
1326,Responsável 1300,1,,1962-11-14 00:00:00,M,P,False,5,,,,False
1327,Responsável 1301,1,,,,P,False,5,,,,False
1328,Responsável 1302,1,,,,P,False,5,,,,False
1329,Responsável 1303,1,,,,P,False,5,,,,False
1330,Responsável 1304,1,,,,P,False,5,,,,False
1331,Responsável 1305,1,,,,P,False,5,,,,False
1332,Responsável 1306,1,,,,P,False,5,,,,False
1333,Responsável 1307,1,,,,P,False,5,,,,False
1334,Responsável 1308,1,,,,P,False,5,,,,False
1335,Responsável 1309,1,,,M,P,False,5,,,,False
1336,Responsável 1310,1,,,,P,False,5,,,,False
1337,Responsável 1311,1,,,,P,False,0,,,,False
1338,Responsável 1312,1,,,,P,False,1,,,,False
1339,Responsável 1313,1,,,,P,False,0,,,,False
1340,Responsável 1314,1,,,,P,False,0,,,,False
1341,Responsável 1315,1,,,,P,False,4,,,,False
1342,Responsável 1316,1,,,,P,False,1,,,,False
1343,Responsável 1317,1,,,,P,False,1,,,,False
1344,Responsável 1318,1,,,,P,False,1,,,,False
1345,Responsável 1319,1,,,,P,False,3,,,,False
1346,Responsável 1320,1,,,,P,False,1,,,,False
1347,Responsável 1321,1,,,,P,False,1,,,,False
1348,Responsável 1322,1,,,,P,False,1,,,,False
1349,Responsável 1323,1,,,,P,False,1,,,,False
1350,Responsável 1324,1,,,,P,False,6,,,,False
1351,Responsável 1325,1,,,,P,False,0,,,,False
1352,Responsável 1326,1,,,,P,False,3,,,,False
1353,Responsável 1327,1,,,,P,False,2,,,,False
1354,Responsável 1328,1,,,,P,False,6,,,,False
1355,Responsável 1329,1,,,,P,False,0,,,,False
1356,Responsável 1330,1,,,,P,False,0,,,,False
1357,Responsável 1331,1,,,,P,False,0,,,,False
1358,Responsável 1332,1,,,,P,False,0,,,,False
1359,Responsável 1333,1,,,,P,False,0,,,,False
1360,Responsável 1334,1,,,,P,False,0,,,,False
1361,Responsável 1335,1,,,,P,False,0,,,,False
1362,Responsável 1336,1,,,,P,False,0,,,,False
1363,Responsável 1337,1,,,,P,False,5,,,,False
1364,Responsável 1338,1,,,,P,False,2,,,,False
1365,Responsável 1339,1,,,,P,False,1,,,,False
1366,Responsável 1340,1,,,,P,False,4,,,,False
1367,Responsável 1341,1,,,,P,False,1,,,,False
1368,Responsável 1342,1,,,,P,False,1,,,,False
1369,Responsável 1343,1,,,,P,False,0,,,,False
1370,Responsável 1344,1,,,,P,False,1,,,,False
1371,Responsável 1345,1,,,,P,False,1,,,,False
1372,Responsável 1346,1,,,,P,False,4,,,,False
1373,Responsável 1347,1,,,,P,False,1,,,,False
1374,Responsável 1348,1,,,,P,False,1,,,,False
1375,Responsável 1349,1,,,,P,False,1,,,,False
1376,Responsável 1350,1,,,,P,False,6,,,,False
1377,Responsável 1351,1,,,,P,False,0,,,,False
1378,Responsável 1352,1,,,,P,False,0,,,,False
1379,Responsável 1353,1,,,,P,False,0,,,,False
1380,Responsável 1354,1,,,,P,False,4,,,,False
1381,Responsável 1355,1,,,,P,False,0,,,,False
1382,Responsável 1356,1,,,,P,False,1,,,,False
1383,Responsável 1357,1,,,,P,False,3,,,,False
1384,Responsável 1358,1,,,,P,False,0,,,,False
1385,Responsável 1359,1,,,,P,False,1,,,,False
1386,Responsável 1360,1,,,,P,False,1,,,,False
1387,Responsável 1361,1,,,,P,False,0,,,,False
1388,Responsável 1362,1,,,,P,False,1,,,,False
1389,Responsável 1363,1,,,,P,False,1,,,,False
1390,Responsável 1364,1,,,,P,False,1,,,,False
1391,Responsável 1365,1,,,,P,False,0,,,,False
1392,Responsável 1366,1,,,,P,False,3,,,,False
1393,Responsável 1367,1,,,,P,False,0,,,,False
1394,Responsável 1368,1,,,,P,False,0,,,,False
1395,Responsável 1369,1,,,,P,False,1,,,,False
1396,Responsável 1370,1,,,,P,False,0,,,,False
1397,Responsável 1371,1,,,,P,False,1,,,,False
1398,Responsável 1372,1,,,,P,False,0,,,,False
1399,Responsável 1373,1,,,,P,False,1,,,,False
1400,Responsável 1374,1,,,,P,False,1,,,,False
1401,Responsável 1375,1,,,,P,False,0,,,,False
1402,Responsável 1376,1,,,,P,False,0,,,,False
1403,Responsável 1377,1,,,,P,False,1,,,,False
1404,Responsável 1378,1,,,,P,False,0,,,,False
1405,Responsável 1379,1,,,,P,False,0,,,,False
1406,Responsável 1380,1,,,,P,False,1,,,,False
1407,Responsável 1381,1,,,,P,False,1,,,,False
1408,Responsável 1382,1,,,,P,False,1,,,,False
1409,Responsável 1383,1,,,,P,False,1,,,,False
1410,Responsável 1384,1,,,,P,False,1,,,,False
1411,Responsável 1385,1,,,,P,False,0,,,,False
1412,Responsável 1386,1,,,,P,False,6,,,,False
1413,Responsável 1387,1,,,,P,False,1,,,,False
1414,Responsável 1388,1,,,,P,False,1,,,,False
1415,Responsável 1389,1,,,,P,False,1,,,,False
1416,Responsável 1390,1,,,,P,False,0,,,,False
1417,Responsável 1391,1,,,,P,False,2,,,,False
1418,Responsável 1392,1,,,,P,False,1,,,,False
1419,Responsável 1393,1,,,,P,False,0,,,,False
1420,Responsável 1394,1,,,,P,False,0,,,,False
1421,Responsável 1395,1,,,,P,False,1,,,,False
1422,Responsável 1396,1,,,,P,False,0,,,,False
1423,Responsável 1397,1,,,,P,False,1,,,,False
1424,Responsável 1398,1,,,,P,False,2,,,,False
1425,Responsável 1399,1,,,,P,False,1,,,,False
1426,Responsável 1400,1,,,,P,False,1,,,,False
1427,Responsável 1401,1,,,,P,False,0,,,,False
1428,Responsável 1402,1,,,,P,False,0,,,,False
1429,Responsável 1403,1,,,,P,False,5,,,,False
1430,Responsável 1404,1,,,,P,False,5,,,,False
1431,Responsável 1405,1,,,,P,False,0,,,,False
1432,Responsável 1406,1,,,,P,False,0,,,,False
1433,Responsável 1407,1,,,,P,False,6,,,,False
1434,Responsável 1408,1,,,,P,False,5,,,,False
1435,Responsável 1409,1,,,,P,False,5,,,,False
1436,Responsável 1410,1,,,,P,False,1,,,,False
1437,Responsável 1411,1,,,,P,False,1,,,,False
1438,Responsável 1412,1,,,,P,False,1,,,,False
1439,Responsável 1413,1,,,,P,False,1,,,,False
1440,Responsável 1414,1,,,,P,False,0,,,,False
1441,Responsável 1415,1,,,,P,False,1,,,,False
1442,Responsável 1416,1,,,,P,False,0,,,,False
1443,Responsável 1417,1,,,,P,False,1,,,,False
1444,Responsável 1418,1,,,,P,False,1,,,,False
1445,Responsável 1419,1,,,,P,False,0,,,,False
1446,Responsável 1420,1,,,,P,False,1,,,,False
1447,Responsável 1421,1,,,,P,False,6,,,,False
1448,Responsável 1422,1,,,,P,False,0,,,,False
1449,Responsável 1423,1,,,,P,False,1,,,,False
1450,Responsável 1424,1,,,,P,False,0,,,,False
1451,Responsável 1425,1,,,,P,False,0,,,,False
1452,Responsável 1426,1,,,,P,False,0,,,,False
1453,Responsável 1427,1,,,,P,False,1,,,,False
1454,Responsável 1428,1,,,,P,False,1,,,,False
1455,Responsável 1429,1,,,,P,False,1,,,,False
1456,Responsável 1430,1,,,,P,False,4,,,,False
1457,Responsável 1431,1,,,,P,False,1,,,,False
1458,Responsável 1432,1,,,,P,False,0,,,,False
1459,Responsável 1433,1,,,,P,False,1,,,,False
1460,Responsável 1434,1,,,,P,False,0,,,,True
1461,Responsável 1435,1,,,,P,False,0,,,,False
1462,Responsável 1436,1,,,,P,False,2,,,,False
1463,Responsável 1437,1,,,,P,False,0,,,,False
1465,Responsável 1438,1,,,F,P,False,5,,,,False
1466,Responsável 1439,1,,,,P,False,0,,,,False
1467,Responsável 1440,1,,,,P,False,1,,,,False
1468,Responsável 1441,1,,,,P,False,5,,,,False
1469,Responsável 1442,1,,,,P,False,5,,,,False
1470,Responsável 1443,1,,,,P,False,5,,,,False
1471,Responsável 1444,1,,,,P,False,5,,,,False
1472,Responsável 1445,1,,,,P,False,5,,,,False
1473,Responsável 1446,1,,,,P,False,5,,,,False
1474,Responsável 1447,1,,,,P,False,5,,,,False
1475,Responsável 1448,1,,,,P,False,5,,,,False
1476,Responsável 1449,1,,,,P,False,1,,,,False
1477,Responsável 1450,1,,,,P,False,0,,,,False
1478,Responsável 1451,1,,,,P,False,5,,,,False
1479,Responsável 1452,1,,,,P,False,4,,,,False
1480,Responsável 1453,1,,,,P,False,5,,,,False
1481,Responsável 1454,1,,,,P,False,5,,,,False
1482,Responsável 1455,1,,,,P,False,3,,,,False
1483,Responsável 1456,1,,,,P,False,0,,,,False
1484,Responsável 1457,1,,1993-05-21 00:00:00,,P,False,0,,,,False
1485,Responsável 1458,1,,,,P,False,0,,,,False
1486,Responsável 1459,1,,,,P,False,6,,,,False
1487,Responsável 1460,1,,1982-06-20 00:00:00,F,P,False,1,,,,False
1488,Responsável 1461,1,,,,P,False,3,,,,False
1489,Responsável 1462,1,,,,P,False,1,,,,False
1490,Responsável 1463,1,,,,P,False,5,,,,False
1491,Responsável 1464,1,,1978-05-19 00:00:00,F,P,False,1,,,,False
1492,Responsável 1465,1,,,,P,False,6,,,,False
1493,Responsável 1466,1,,,,P,False,1,,,,False
1494,Responsável 1467,1,,,,P,False,1,,,,False
1495,Responsável 1468,1,,1996-10-28 00:00:00,F,P,False,0,,,,False
1496,Responsável 1469,1,,,,P,False,0,,,,False
1497,Responsável 1470,1,,,,P,False,1,,,,False
1498,Responsável 1471,1,,1990-07-20 00:00:00,F,P,False,6,,,,False
1499,Responsável 1472,1,,,,P,False,0,,,,False
1500,Responsável 1473,1,,,,P,False,4,,,,False
1501,Responsável 1474,1,,,,P,False,1,,,,False
1502,Responsável 1475,1,,1989-04-08 00:00:00,F,P,False,1,,,,False
1503,Responsável 1476,1,,,,P,False,5,,,,False
1504,Responsável 1477,1,,,,P,False,3,,,,False
1505,Responsável 1478,1,,1993-05-28 00:00:00,F,P,False,6,,,,False
1506,Responsável 1479,1,,,,P,False,1,,,,False
1507,Responsável 1480,1,,,,P,False,0,,,,False
1508,Responsável 1481,1,,1983-01-10 00:00:00,F,P,False,1,,,,False
1509,Responsável 1482,1,,,,P,False,6,,,,False
1510,Responsável 1483,1,,1998-01-01 00:00:00,F,P,False,1,,,,False
1511,Responsável 1484,1,,,,P,False,1,,,,False
1512,Responsável 1485,1,,,,P,False,1,,,,False
1513,Responsável 1486,1,,,,P,False,0,,,,False
1514,Responsável 1487,1,,,,P,False,1,,,,False
1515,Responsável 1488,1,,,,P,False,0,,,,False
1516,Responsável 1489,1,,,,P,False,1,,,,False
1517,Responsável 1490,1,,,,P,False,1,,,,False
1518,Responsável 1491,1,,,,P,False,2,,,,False
1519,Responsável 1492,1,,,,P,False,4,,,,False
1520,Responsável 1493,1,,,,P,False,0,,,,False
1521,Responsável 1494,1,,1978-05-28 00:00:00,M,P,False,0,,,,False
1522,Responsável 1495,1,,,,P,False,0,,,,False
1523,Responsável 1496,1,,,,P,False,6,,,,False
1524,Responsável 1497,1,,,,P,False,1,,,,False
1525,Responsável 1498,1,,,,P,False,1,,,,False
1526,Responsável 1499,1,,,,P,False,0,,,,False
1527,Responsável 1500,1,,,,P,False,4,,,,False
1528,Responsável 1501,1,,1991-07-04 00:00:00,F,P,False,1,,,,False
1529,Responsável 1502,1,,,,P,False,0,,,,False
1530,Responsável 1503,1,,,,P,False,1,,,,False
1531,Responsável 1504,1,,,,P,False,0,,,,False
1532,Responsável 1505,1,,,,P,False,1,,,,False
1533,Responsável 1506,1,,1961-12-08 00:00:00,F,P,False,2,,,,False
1534,Responsável 1507,1,,,,P,False,1,,,,False
1535,Responsável 1508,1,,1990-01-17 00:00:00,F,P,False,0,,,,False
1536,Responsável 1509,1,,,,P,False,1,,,,False
1537,Responsável 1510,1,,,,P,False,4,,,,False
1538,Responsável 1511,1,,1986-07-30 00:00:00,M,P,False,1,,,,False
1539,Responsável 1512,1,,,,P,False,0,,,,False
1540,Responsável 1513,1,,1993-05-29 00:00:00,F,P,False,1,,,,False
1541,Responsável 1514,1,,,,P,False,4,,,,False
1542,Responsável 1515,1,,,,P,False,1,,,,False
1543,Responsável 1516,1,,,,P,False,1,,,,False
1544,Responsável 1517,1,,,,P,False,0,,,,False
1545,Responsável 1518,1,,,,P,False,1,,,,False
1546,Responsável 1519,1,,,,P,False,0,,,,False
1547,Responsável 1520,1,,1988-07-17 00:00:00,F,P,False,1,,,,False
1548,Responsável 1521,1,,,,P,False,4,,,,False
1549,Responsável 1522,1,,,,P,False,1,,,,False
1550,Responsável 1523,1,,,,P,False,0,,,,False
1551,Responsável 1524,1,,,,P,False,1,,,,False
1552,Responsável 1525,1,,,,P,False,4,,,,False
1553,Responsável 1526,1,,,,P,False,1,,,,False
1554,Responsável 1527,1,,,,P,False,1,,,,False
1555,Responsável 1528,1,,,,P,False,1,,,,False
1556,Responsável 1529,1,,1987-07-31 00:00:00,F,P,False,1,,,,False
1557,Responsável 1530,1,,,,P,False,4,,,,False
1558,Responsável 1531,1,,,,P,False,1,,,,False
1559,Responsável 1532,1,,,M,P,False,5,,,,False
1560,Responsável 1533,1,,,,P,False,1,,,,False
1561,Responsável 1534,1,,,,P,False,3,,,,False
1562,Responsável 1535,1,,,,P,False,0,,,,False
1563,Responsável 1536,1,,,F,P,False,0,,,,False
1564,Responsável 1537,1,,,,P,False,4,,,,False
1565,Responsável 1538,1,,,,P,False,1,,,,False
1566,Responsável 1539,1,,,,P,False,5,,,,False
1567,Responsável 1540,1,,,,P,False,0,,,,False
1568,Responsável 1541,1,,,,P,False,1,,,,False
1569,Responsável 1542,1,,,,P,False,1,,,,False
1570,Responsável 1543,1,,,,P,False,0,,,,False
1571,Responsável 1544,1,,,,P,False,1,,,,False
1572,Responsável 1545,1,,,,P,False,1,,,,False
1573,Responsável 1546,1,,,,P,False,1,,,,False
1574,Responsável 1547,1,,,,P,False,0,,,,False
1575,Responsável 1548,1,,,,P,False,4,,,,False
1576,Responsável 1549,1,,,,P,False,1,,,,False
1577,Responsável 1550,1,,,,P,False,1,,,,False
1578,Responsável 1551,1,,,,P,False,1,,,,False
1579,Responsável 1552,1,,,,P,False,1,,,,False
1580,Responsável 1553,1,,,,P,False,0,,,,False
1581,Responsável 1554,1,,,,P,False,1,,,,False
1582,Responsável 1555,1,,,,P,False,0,,,,False
1583,Responsável 1556,1,,,,P,False,0,,,,False
1584,Responsável 1557,1,,,,P,False,0,,,,False
1585,Responsável 1558,1,,,,P,False,1,,,,False
1586,Responsável 1559,1,,,,P,False,0,,,,False
1587,Responsável 1560,1,,,,P,False,0,,,,False
1588,Responsável 1561,1,,,,P,False,6,,,,False
1589,Responsável 1562,1,,,,P,False,0,,,,False
1590,Responsável 1563,1,,,,P,False,1,,,,False
1591,Responsável 1564,1,,,,P,False,0,,,,False
1592,Responsável 1565,1,,,,P,False,3,,,,False
1593,Responsável 1566,1,,,,P,False,0,,,,False
1594,Responsável 1567,1,,,,P,False,1,,,,False
1595,Responsável 1568,1,,,,P,False,0,,,,False
1596,Responsável 1569,1,,,,P,False,0,,,,False
1597,Responsável 1570,1,,,,P,False,6,,,,False
1598,Responsável 1571,1,,,,P,False,1,,,,False
1599,Responsável 1572,1,,,,P,False,1,,,,False
1600,Responsável 1573,1,,,,P,False,0,,,,False
1601,Responsável 1574,1,,,,P,False,0,,,,False
1602,Responsável 1575,1,,,,P,False,1,,,,False
1603,Responsável 1576,1,,,,P,False,0,,,,False
1604,Responsável 1577,1,,,,P,False,1,,,,False
1605,Responsável 1578,1,,,,P,False,1,,,,False
1606,Responsável 1579,1,,,,P,False,1,,,,False
1607,Responsável 1580,1,,,,P,False,0,,,,False
1608,Responsável 1581,1,,,,P,False,1,,,,False
1609,Responsável 1582,1,,,,P,False,0,,,,False
1610,Responsável 1583,1,,,,P,False,1,,,,False
1611,Responsável 1584,1,,,,P,False,4,,,,False
1612,Responsável 1585,1,,,,P,False,1,,,,False
1613,Responsável 1586,1,,,,P,False,1,,,,False
1614,Responsável 1587,1,,,,P,False,4,,,,False
1615,Responsável 1588,1,,,,P,False,1,,,,False
1616,Responsável 1589,1,,,,P,False,0,,,,False
1617,Responsável 1590,1,,,,P,False,0,,,,False
1618,Responsável 1591,1,,,,P,False,1,,,,False
1619,Responsável 1592,1,,,,P,False,1,,,,False
1620,Responsável 1593,1,,,,P,False,1,,,,False
1621,Responsável 1594,1,,,,P,False,5,,,,False
1622,Responsável 1595,1,,,,P,False,1,,,,False
1623,Responsável 1596,1,,,,P,False,4,,,,False
1624,Responsável 1597,1,,,,P,False,1,,,,False
1625,Responsável 1598,1,,,,P,False,0,,,,False
1626,Responsável 1599,1,,,,P,False,3,,,,False
1627,Responsável 1600,1,,,,P,False,1,,,,False
1628,Responsável 1601,1,,,,P,False,1,,,,False
1629,Responsável 1602,1,,,,P,False,1,,,,False
1630,Responsável 1603,1,,,,P,False,5,,,,False
1631,Responsável 1604,1,,,,P,False,1,,,,False
1632,Responsável 1605,1,,,,P,False,1,,,,False
1633,Responsável 1606,1,,,,P,False,0,,,,False
1634,Responsável 1607,1,,,,P,False,1,,,,False
1635,Responsável 1608,1,,,,P,False,1,,,,False
1636,Responsável 1609,1,,,,P,False,1,,,,False
1637,Responsável 1610,1,,,,P,False,0,,,,False
1638,Responsável 1611,1,,,,P,False,0,,,,False
1639,Responsável 1612,1,,,,P,False,1,,,,False
1640,Responsável 1613,1,,,,P,False,0,,,,False
1641,Responsável 1614,1,,,,P,False,0,,,,False
1642,Responsável 1615,1,,,,P,False,3,,,,False
1643,Responsável 1616,1,,,,P,False,0,,,,False
1644,Responsável 1617,1,,,,P,False,1,,,,False
1645,Responsável 1618,1,,,,P,False,6,,,,False
1646,Responsável 1619,1,,,,P,False,1,,,,False
1647,Responsável 1620,1,,,,P,False,1,,,,False
1648,Responsável 1621,1,,,,P,False,1,,,,False
1649,Responsável 1622,1,,,,P,False,1,,,,False
1650,Responsável 1623,1,,,,P,False,1,,,,False
1651,Responsável 1624,1,,,,P,False,0,,,,False
1652,Responsável 1625,1,,,,P,False,0,,,,False
1653,Responsável 1626,1,,,,P,False,0,,,,False
1654,Responsável 1627,1,,,,P,False,1,,,,False
1655,Responsável 1628,1,,,,P,False,4,,,,False
1656,Responsável 1629,1,,,,P,False,1,,,,False
1657,Responsável 1630,1,,,,P,False,6,,,,False
1658,Responsável 1631,1,,,,P,False,1,,,,False
1659,Responsável 1632,1,,,,P,False,1,,,,False
1660,Responsável 1633,1,,,,P,False,0,,,,False
1661,Responsável 1634,1,,,,P,False,1,,,,False
1662,Responsável 1635,1,,,,P,False,1,,,,False
1663,Responsável 1636,1,,,,P,False,0,,,,False
1664,Responsável 1637,1,,,,P,False,0,,,,False
1665,Responsável 1638,1,,,,P,False,0,,,,False
1666,Responsável 1639,1,,,,P,False,5,,,,False
1667,Responsável 1640,1,,,,P,False,5,,,,False
1668,Responsável 1641,1,,,,P,False,5,,,,False
1669,Responsável 1642,1,,,,P,False,5,,,,False
1670,Responsável 1643,1,,,,P,False,1,,,,False
1671,Responsável 1644,1,,,,P,False,4,,,,False
1672,Responsável 1645,1,,,,P,False,4,,,,False
1673,Responsável 1646,1,,,,P,False,4,,,,False
1674,Responsável 1647,1,,,,P,False,0,,,,False
1675,Responsável 1648,1,,,,P,False,4,,,,False
1676,Responsável 1649,1,,,,P,False,1,,,,False
1677,Responsável 1650,1,,,,P,False,4,,,,False
1678,Responsável 1651,1,,,,P,False,0,,,,False
1679,Responsável 1652,1,,,,P,False,1,,,,False
1680,Responsável 1653,1,,,,P,False,1,,,,False
1681,Responsável 1654,1,,,,P,False,4,,,,False
1682,Responsável 1655,1,,,,P,False,1,,,,False
1683,Responsável 1656,1,,,,P,False,1,,,,False
1684,Responsável 1657,1,,,,P,False,1,,,,False
1685,Responsável 1658,1,,,,P,False,4,,,,False
1686,Responsável 1659,1,,,,P,False,0,,,,False
1687,Responsável 1660,1,,,,P,False,1,,,,False
1688,Responsável 1661,1,,,,P,False,0,,,,False
1689,Responsável 1662,1,,,,P,False,5,,,,False
1690,Responsável 1663,1,,,,P,False,0,,,,False
1691,Responsável 1664,1,,,,P,False,1,,,,False
1692,Responsável 1665,1,,,,P,False,1,,,,False
1693,Responsável 1666,1,,,,P,False,4,,,,False
1694,Responsável 1667,1,,,,P,False,0,,,,False
1695,Responsável 1668,1,,,,P,False,0,,,,False
1696,Responsável 1669,1,,,,P,False,0,,,,False
1697,Responsável 1670,1,,,,P,False,1,,,,False
1698,Responsável 1671,1,,,,P,False,4,,,,False
1699,Responsável 1672,1,,,,P,False,1,,,,False
1700,Responsável 1673,1,,,,P,False,1,,,,False
1701,Responsável 1674,1,,,,P,False,1,,,,False
1702,Responsável 1675,1,,,,P,False,6,,,,False
1703,Responsável 1676,1,,,,P,False,1,,,,False
1704,Responsável 1677,1,,,,P,False,1,,,,False
1705,Responsável 1678,1,,,,P,False,4,,,,False
1706,Responsável 1679,1,,,,P,False,0,,,,False
1707,Responsável 1680,1,,,,P,False,4,,,,False
1708,Responsável 1681,1,,,,P,False,1,,,,False
1709,Responsável 1682,1,,,,P,False,1,,,,False
1710,Responsável 1683,1,,,,P,False,1,,,,False
1711,Responsável 1684,1,,,,P,False,1,,,,False
1712,Responsável 1685,1,,,,P,False,0,,,,False
1713,Responsável 1686,1,,,,P,False,1,,,,False
1714,Responsável 1687,1,,,,P,False,0,,,,False
1715,Responsável 1688,1,,,,P,False,0,,,,False
1716,Responsável 1689,1,,,,P,False,1,,,,False
1717,Responsável 1690,1,,,,P,False,1,,,,False
1718,Responsável 1691,1,,,,P,False,0,,,,False
1719,Responsável 1692,1,,,,P,False,1,,,,False
1720,Responsável 1693,1,,,,P,False,1,,,,False
1721,Responsável 1694,1,,,,P,False,1,,,,False
1722,Responsável 1695,1,,,,P,False,0,,,,False
1723,Responsável 1696,1,,,,P,False,1,,,,False
1724,Responsável 1697,1,,,,P,False,0,,,,False
1725,Responsável 1698,1,,,,P,False,0,,,,False
1726,Responsável 1699,1,,,,P,False,4,,,,False
1727,Responsável 1700,1,,,,P,False,1,,,,False
1728,Responsável 1701,1,,,,P,False,0,,,,False
1729,Responsável 1702,1,,,,P,False,1,,,,False
1730,Responsável 1703,1,,,,P,False,1,,,,False
1731,Responsável 1704,1,,,,P,False,0,,,,False
1732,Responsável 1705,1,,,,P,False,1,,,,False
1733,Responsável 1706,1,,,,P,False,0,,,,False
1734,Responsável 1707,1,,,,P,False,1,,,,False
1735,Responsável 1708,1,,,,P,False,6,,,,False
1736,Responsável 1709,1,,,,P,False,6,,,,False
1737,Responsável 1710,1,,,,P,False,1,,,,False
1738,Responsável 1711,1,,,,P,False,0,,,,False
1739,Responsável 1712,1,,,,P,False,0,,,,False
1740,Responsável 1713,1,,,,P,False,1,,,,False
1741,Responsável 1714,1,,,,P,False,1,,,,False
1742,Responsável 1715,1,,,,P,False,0,,,,False
1743,Responsável 1716,1,,,,P,False,0,,,,False
1744,Responsável 1717,1,,,,P,False,1,,,,False
1745,Responsável 1718,1,,,,P,False,1,,,,False
1746,Responsável 1719,1,,,,P,False,1,,,,False
1747,Responsável 1720,1,,,,P,False,1,,,,False
1748,Responsável 1721,1,,,,P,False,0,,,,False
1749,Responsável 1722,1,,,,P,False,1,,,,False
1750,Responsável 1723,1,,,,P,False,1,,,,False
1751,Responsável 1724,1,,,,P,False,0,,,,False
1752,Responsável 1725,1,,,,P,False,1,,,,False
1753,Responsável 1726,1,,,,P,False,0,,,,False
1754,Responsável 1727,1,,,,P,False,0,,,,False
1755,Responsável 1728,1,,,,P,False,0,,,,False
1756,Responsável 1729,1,,,,P,False,1,,,,False
1757,Responsável 1730,1,,,,P,False,0,,,,False
1758,Responsável 1731,1,,,,P,False,0,,,,False
1759,Responsável 1732,1,,,,P,False,1,,,,False
1760,Responsável 1733,1,,,,P,False,5,,,,False
1761,Responsável 1734,1,,,,P,False,1,,,,False
1762,Responsável 1735,1,,,,P,False,0,,,,False
1763,Responsável 1736,1,,,,P,False,0,,,,False
1764,Responsável 1737,1,,,,P,False,1,,,,False
1765,Responsável 1738,1,,,,P,False,1,,,,False
1766,Responsável 1739,1,,,,P,False,0,,,,False
1767,Responsável 1740,1,,,,P,False,0,,,,False
1768,Responsável 1741,1,,,,P,False,1,,,,False
1769,Responsável 1742,1,,,,P,False,1,,,,False
1770,Responsável 1743,1,,,,P,False,1,,,,False
